,,,,,,,,,,,,,,,"R$ 284.815,03",,,,,,,,,,,,,,,,,,,,,,,,,,,,,,,,,,,,,,,,,,,,,,,,,,,,,,,,,,,,,,,,,,,,,
SKU,ID,TÍTULO DO PRODUTO NO BLING,,QTDE INICIAL CONTROLE,"QTDE
VENDIDA","ESTOQUE
BLING","ESTOQUE
ATON","QTDE PARA
ALERTA","CUSTO
UNITÁRIO
Bling",Fornecedor,FALSE,,"Log de
custo",,"capital
imobilizado","INICIO DE
CONTROLE","FIM DE
CONTROLE","QTD DE DIAS
à VENDA","Média
VENDAS por DIA","RUPTURA
EM DIAS",,"PROVISÃO PARA
X DIAS","SUGESTÃO DE
COMPRA",,oculte,oculte,EAN,ID,Wbuy,"Shopee
DM","Shopee
carrinho","ML
DM","ML
hot vendas","ML
SC","Shopee
SC",Preço de compra,Aliquota IPI,"Valor
IPI","Aliquota
ST","Valor
 ST","Aliquota
PIS","Valor
PIS","Aliquota
Confins","Valor
Confins","Aliquota
ICMS","Valor
ICMS",CMV,NCM,NCM da Nota Fiscal,"NCM
no Bing","Grupo de Produtos
no Bling","Embalagem
+
outros custos","peso
balança","medidas
caixa",perimetro,peso cubado,"imposto
de venda",margem lucro,"ID
do item
1","ID
do item
2","preço de venda
Shopee","preço
cheio","Frete Gratis
ou
Tarifa Fixa","preço de venda
mercado livre
premium","preço de venda
mercado livre
classico",marketing,"Meio de
pagamento","Taxa de
Entrega",devolução,loja virtual,,"PREÇO CUSTO
ATON",CMV,seguro,etiqueta,"embalagem
especial","Custo de Expedição
pelo ticket médio",lucro,"ID
3","preço de venda
Shopee
SC","preço
cheio","Frete Gratis
ou
Tarifa Fixa
ML","preço de venda
mercado livre
premium","preço de venda
mercado livre
classico"
,,,,,,,,,,,FALSE,,,,"R$ 0,00",,,,,,,,,,,,#REF!,,,,,,,,,,,,,,,,,,,,,,,,,,,,,,,,,,,"0,00",,"0,00","0,00",,,,,"0,00",,,,,,,,,,,,,"0,00","0,00"
BW007RS,16255685317,mini carro 6v rosa bw007rs teste,,61,2,57,0,0,"559,551",IMPORTWAY COMERCIO IMPORTACAO E EXPORTACAO LTDA,TRUE,,28/01/2026,,"R$ 31.894,41",26/01/2026,27/03/2026,60,"0,033333",1710,,90,3,,https://www.bling.com.br/produtos.php#edit/16255685317,29/01/2026 20:33 - Conta pessoal,7908449906811,,pv,v,pv,pv,pv,v,v,"R$ 525,40","6,50","R$ 34,15","0,000","R$ 0,00","1,65","R$ 8,67","7,60","R$ 39,93",4,"R$ 21,02","559,5510",Verificar NCM,95030010,95030010,9503.00.10 importado adiquirido nacionalmente carros e motos,"R$ 1,00", kg,96x48x29,"173,00","22,27",20%,0%,58204121779,23898373295,888.71,"1777,42","R$ 85,95","1018,11","943,80",10%,"12,4%","30,00","1,0%","1.043,38",,,"606,67","0,73","R$ 0,45","0,00","3,50%","10,00%",,,,"R$ 85,95","1387,60","1261,45"
BW232LR,16325390347,mini moto elétrica 6v Cor:Laranja BW232LR,,38,7,31,0,0,"272,0010",IMPORTWAY COMERCIO IMPORTACAO E EXPORTACAO LTDA,FALSE,23/01/2026,15/12/2025,,"R$ 8.432,03",13/11/2025,27/03/2026,134,"0,052239",593,,90,5,,https://www.bling.com.br/produtos.php#edit/16325390347,08/01/2026 13:05 - Conta pessoal,,,v,v,v,v,v,,,"R$ 255,40","6,50","R$ 16,60","0,000","R$ 0,00","1,65","R$ 4,21","7,60","R$ 19,41",12,"R$ 30,65","272,0010",Verificar NCM,95030010,95030010,9503.00.10 importado adiquirido nacionalmente carros e motos,"R$ 1,00", kg,36x31x73,"140,00","13,58",20%,0%,22294674335,23893980155,453.03,"906,06","R$ 85,95","565,28","524,02",10%,"12,4%","30,00","1,0%","535,34",,,"338,87","0,41","R$ 0,45","0,00","3,50%","10,00%",,,,,"679,45","617,68"
BW210VD,16454072647,Trator Eletrico Infantil 12v,,65,35,30,19,10,"999,00195",IMPORTWAY COMERCIO IMPORTACAO E EXPORTACAO LTDA,FALSE,23/01/2026,20/03/2026,,"R$ 29.970,06",15/08/2024,27/03/2026,589,"0,059423",504,,90,5,,https://www.bling.com.br/produtos.php#edit/16454072647,não,,,v,b,b,b,b,v,v,"R$ 938,03","6,50","R$ 60,97","0,000","R$ 0,00","0,65","R$ 6,10","3,00","R$ 28,14",12,"R$ 112,56","999,0020",Verificar NCM,95030010,95030010,9503.00.10 importado adiquirido nacionalmente carros e motos,"R$ 1,00", kg,40x50x84,"174,00","28,00",20%,-10%,23898347750,23398386021,1350.00,"2700,00","R$ 101,95","1499,25","1403,76",10%,"12,4%","30,00","1,0%","1.546,55",,,"884,77","1,06","R$ 0,45","0,00","3,50%","10,00%",,,,"R$ 112,45","1997,46","1815,88"
BW232AM,16325112142,mini moto elétrica 6v Cor:Amarelo BW232AM,,36,9,27,0,0,"272,0010",IMPORTWAY COMERCIO IMPORTACAO E EXPORTACAO LTDA,FALSE,23/01/2026,28/01/2026,,"R$ 7.344,03",13/11/2025,27/03/2026,134,"0,067164",402,,90,6,,https://www.bling.com.br/produtos.php#edit/16325112142,08/01/2026 08:47 - Conta pessoal,,,v,v,v,v,v,,,"R$ 255,40","6,50","R$ 16,60","0,000","R$ 0,00","1,65","R$ 4,21","7,60","R$ 19,41",12,"R$ 30,65","272,0010",Verificar NCM,95030010,95030010,9503.00.10 importado adiquirido nacionalmente carros e motos,"R$ 1,00", kg,36x31x73,"140,00","13,58",20%,0%,23897824905,58250626396,453.03,"906,06","R$ 85,95","565,28","524,02",10%,"12,4%","30,00","1,0%","535,34",,,"338,87","0,41","R$ 0,45","0,00","3,50%","10,00%",,,,,"679,45","617,68"
BW129VM,16264110912,Mini Quadriciclo 6V Vermelho,,30,9,21,0,0,"469,0047",IMPORTWAY COMERCIO IMPORTACAO E EXPORTACAO LTDA,FALSE,23/01/2026,15/12/2025,,"R$ 9.849,10",20/09/2024,27/03/2026,553,"0,016275",1290,,90,1,,https://www.bling.com.br/produtos.php#edit/16264110912,não,,,v,b,b,b,b,,v,"R$ 440,38","6,50","R$ 28,62","0,000","R$ 0,00","0,65","R$ 2,86","3,00","R$ 13,21",12,"R$ 52,85","469,0047",Verificar NCM,95030010,95030010,9503.00.10 importado adiquirido nacionalmente carros e motos,"R$ 1,00", kg,30x34x64,"128,00","10,88",20%,-10%,22393055667,19699677991,652.64,"1305,28","R$ 65,95","729,19","682,74",10%,"12,4%","30,00","1,0%","750,76",,,"323,42","0,39","R$ 0,45","0,00","3,50%","10,00%",,,,,"648,52","589,56"
BW232VM,16325138853,mini moto elétrica 6v Cor:Vermelho BW232VM,,40,20,18,0,0,"272,0010",IMPORTWAY COMERCIO IMPORTACAO E EXPORTACAO LTDA,FALSE,23/01/2026,28/01/2026,,"R$ 4.896,02",12/11/2025,27/03/2026,135,"0,148148",121,,90,13,,https://www.bling.com.br/produtos.php#edit/16325138853,08/01/2026 14:03 - Conta pessoal,7908449920657,,v,v,v,v,v,,,"R$ 255,40","6,50","R$ 16,60","0,000","R$ 0,00","1,65","R$ 4,21","7,60","R$ 19,41",12,"R$ 30,65","272,0010",Verificar NCM,95030010,95030010,9503.00.10 importado adiquirido nacionalmente carros e motos,"R$ 1,00", kg,36x31x73,"140,00","13,58",20%,0%,22394664804,23893980184,453.03,"906,06","R$ 85,95","565,28","524,02",10%,"12,4%","30,00","1,0%","535,34",,,"338,87","0,41","R$ 0,45","0,00","3,50%","10,00%",,,,,"679,45","617,68"
BW402BR,16594102847,MINI CARRO ELETRICO 6V BRANCO,,20,0,20,0,0,"569,0508",IMPORTWAY COMERCIO IMPORTACAO E EXPORTACAO LTDA,FALSE,,29/01/2026,,"R$ 11.381,02",26/01/2026,27/03/2026,60,"0,000000",Sem vendas,,90,0,,,05/02/2026 23:10 - Conta pessoal,,,pv,v,pv,pv,pv,,,"R$ 534,32","6,50","R$ 34,73","0,000","R$ 0,00","1,65","R$ 8,82","7,60","R$ 40,61",4,"R$ 21,37","569,0508",Verificar NCM,95030010,95030010,9503.00.10 importado adiquirido nacionalmente carros e motos,"R$ 1,00","11,00",26x52x95,"173,00","21,41",20%,0%,58204348145,58254339479,903.11,"1806,22","R$ 85,95","1033,07","957,67",10%,"12,4%","30,00","1,0%","1.060,16",,,"616,97","0,74","R$ 0,45","0,00",,,,,,,"973,48","902,42"
BW129BR,16264106148,Mini Quadriciclo 6V Branco,,22,3,19,0,5,"469,0047",IMPORTWAY COMERCIO IMPORTACAO E EXPORTACAO LTDA,FALSE,23/01/2026,11/12/2025,,"R$ 8.911,09",06/06/2024,27/03/2026,659,"0,004552",4173,,90,0,,https://www.bling.com.br/produtos.php#edit/16264106148,não,,,pv,b,b,b,b,v,v,"R$ 440,38","6,50","R$ 28,62","0,000","R$ 0,00","0,65","R$ 2,86","3,00","R$ 13,21",12,"R$ 52,85","469,0047",Verificar NCM,95030010,95030010,9503.00.10 importado adiquirido nacionalmente carros e motos,"R$ 1,00", kg,30x34x64,"128,00","10,88",20%,-10%,23793067155,23298355239,652.64,"1305,28","R$ 65,95","729,19","682,74",10%,"12,4%","30,00","1,0%","750,76",,,"323,42","0,39","R$ 0,45","0,00","3,50%","10,00%",,,,"R$ 65,95","780,42","709,47"
BW280CZ,16265623896,Carro Eletrico Toyota Tundra Cinza,,20,1,19,0,0,"1.035,4995",IMPORTWAY COMERCIO IMPORTACAO E EXPORTACAO LTDA,FALSE,,20/03/2026,,"R$ 19.674,49",26/01/2026,27/03/2026,60,"0,016667",1140,,90,2,,https://www.bling.com.br/produtos.php#edit/16265623896,31/01/2026 11:39 - Conta pessoal,,,pv,v,pv,pv,pv,v,v,"R$ 972,30","6,50","R$ 63,20","0,000","R$ 0,00","1,65","R$ 16,04","7,60","R$ 73,89",4,"R$ 38,89","1035,4995",Verificar NCM,95030010,95030010,9503.00.10 importado adiquirido nacionalmente carros e motos,"R$ 1,00", kg,31x55x106,"192,00","30,12",20%,0%,19899263633,58204430311,1609.85,"3219,70","R$ 101,95","1792,83","1661,97",10%,"12,4%","30,00","1,0%","1.884,27",,,"1.122,70","1,35","R$ 0,45","0,00","3,50%","10,00%",,,,"R$ 112,45","2473,89","2248,99"
BW373VM,16594099848,MINI CARRO ELETRICO 12V COM CONTROLE REMOTO VERMELHO,,19,4,15,0,0,"474,0422",IMPORTWAY COMERCIO IMPORTACAO E EXPORTACAO LTDA,FALSE,,28/01/2026,,"R$ 7.110,63",26/01/2026,27/03/2026,60,"0,066667",225,,90,6,,,31/01/2026 22:23 - Conta pessoal,,,pv,v,pv,pv,pv,,,"R$ 445,11","6,50","R$ 28,93","0,000","R$ 0,00","1,65","R$ 7,34","7,60","R$ 33,83",4,"R$ 17,80","474,0422",Verificar NCM,95030010,95030010,9503.00.10 importado adiquirido nacionalmente carros e motos,"R$ 1,00","16,00",24x50x93,"167,00","18,60",20%,10%,58203968037,58203968620,894.72,"1789,44","R$ 85,95","1048,58","958,96",10%,"12,4%","30,00","1,0%","1.083,78",,,"513,96","0,62","R$ 0,45","0,00","3,50%","10,00%",,,,,"1030,05","936,41"
BW007VM,16255685318,mini carro 6v vermelho bw007vm,,10,0,10,0,0,"559,5510",IMPORTWAY COMERCIO IMPORTACAO E EXPORTACAO LTDA,FALSE,,28/01/2026,,"R$ 5.595,51",26/01/2026,27/03/2026,60,"0,000000",Sem vendas,,90,0,,https://www.bling.com.br/produtos.php#edit/16255685318,29/01/2026 20:35 - Conta pessoal,,,pv,v,pv,pv,pv,v,v,"R$ 525,40","6,50","R$ 34,15","0,000","R$ 0,00","1,65","R$ 8,67","7,60","R$ 39,93",4,"R$ 21,02","559,5510",Verificar NCM,95030010,95030010,9503.00.10 importado adiquirido nacionalmente carros e motos,"R$ 1,00", kg,96x48x29,"173,00","22,27",20%,5%,23193070913,23898373290,961.56,"1923,12","R$ 85,95","1105,13","1018,11",10%,"12,4%","30,00","1,0%","1.144,48",,,"606,67","0,73","R$ 0,45","0,00","3,50%","10,00%",,,,"R$ 85,95","1387,60","1261,45"
BW240VM,16311898391,mini carro vermelho 6v BW240VM,,21,12,9,72,0,"699,0021",IMPORTWAY COMERCIO IMPORTACAO E EXPORTACAO LTDA,FALSE,23/01/2026,28/01/2026,,"R$ 6.291,02",11/11/2025,27/03/2026,136,"0,088235",102,,90,8,,https://www.bling.com.br/produtos.php#edit/16311898391,não,,,v,v,v,v,v,v,v,"R$ 656,34","6,50","R$ 42,66","0,000","R$ 0,00","1,65","R$ 10,83","7,60","R$ 49,88",12,"R$ 78,76","699,0021",Verificar NCM,95030010,95030010,9503.00.10 importado adiquirido nacionalmente carros e motos,"R$ 1,00", kg,36x31x77,"144,00","14,32",20%,5%,19597925936,n/a,1190.17,"2380,34","R$ 101,95","1370,86","1262,92",10%,"12,4%","30,00","1,0%","1.414,73",,,"737,38","0,88","R$ 0,45","0,00","3,50%","10,00%",,,,"R$ 101,95","1681,33","1528,48"
BW401RS,16594102201,QUADRICICLO ELETRICO 12V ROSA,,9,0,9,0,0,"892,0547",IMPORTWAY COMERCIO IMPORTACAO E EXPORTACAO LTDA,FALSE,,20/03/2026,,"R$ 8.028,49",23/01/2026,27/03/2026,63,"0,000000",Sem vendas,,90,0,,,05/02/2026 02:07 - Conta pessoal,,,pv,Medidas,Medidas,pv,pv,,,"R$ 837,61","6,50","R$ 54,44","0,000","R$ 0,00","1,65","R$ 13,82","7,60","R$ 63,66",4,"R$ 33,50","892,0547",Verificar NCM,95030010,95030010,9503.00.10 importado adiquirido nacionalmente carros e motos,"R$ 1,00","20,60",42x63x114,"219,00","50,27",20%,5%,n/a,n/a,1506.65,"3013,30","R$ 101,95","1700,86","1566,94",10%,"12,4%","30,00","1,0%","1.788,87",,,"967,17","1,16","R$ 0,45","0,00","3,50%","10,00%",,,,,"1937,56","1761,42"
BW007BR,16255685315,mini carro 6v branco bw007br,,10,1,9,0,0,"559,5510",IMPORTWAY COMERCIO IMPORTACAO E EXPORTACAO LTDA,FALSE,,28/01/2026,,"R$ 5.035,96",26/01/2026,27/03/2026,60,"0,016667",540,,90,2,,https://www.bling.com.br/produtos.php#edit/16255685315,29/01/2026 20:35 - Conta pessoal,,,pv,v,pv,pv,pv,v,v,"R$ 525,40","6,50","R$ 34,15","0,000","R$ 0,00","1,65","R$ 8,67","7,60","R$ 39,93",4,"R$ 21,02","559,5510",Verificar NCM,95030010,95030010,9503.00.10 importado adiquirido nacionalmente carros e motos,"R$ 1,00", kg,96x48x29,"173,00","22,27",20%,5%,22597556976,23898373300,961.56,"1923,12","R$ 85,95","1105,13","1018,11",10%,"12,4%","30,00","1,0%","1.144,48",,,"606,67","0,73","R$ 0,45","0,00","3,50%","10,00%",,,,"R$ 85,95","1387,60","1261,45"
BW232BR,16325392757,mini moto elétrica 6v Cor:Branco BW232BR,,24,17,7,0,0,"272,0010",IMPORTWAY COMERCIO IMPORTACAO E EXPORTACAO LTDA,FALSE,23/01/2026,28/01/2026,,"R$ 1.904,01",04/12/2025,27/03/2026,113,"0,150442",46,,90,14,,https://www.bling.com.br/produtos.php#edit/16325392757,08/01/2026 16:39 - Conta pessoal,,,v,v,v,v,v,,,"R$ 255,40","6,50","R$ 16,60","0,000","R$ 0,00","1,65","R$ 4,21","7,60","R$ 19,41",12,"R$ 30,65","272,0010",Verificar NCM,95030010,95030010,9503.00.10 importado adiquirido nacionalmente carros e motos,"R$ 1,00", kg,36x31x73,"140,00","13,58",20%,10%,19999442186,58250626351,533.93,"1067,86","R$ 105,45","707,39","646,92",10%,"12,4%","30,00","1,0%","650,22",,,"338,87","0,41","R$ 0,45","0,00","3,50%","10,00%",,,,,"679,45","617,68"
BW405PT,16594106016,MINI CARRO KART ELETRICO 12V INFANTIL LICENCIADO FE MCLAREN,,7,0,7,0,0,"1.130,4975",IMPORTWAY COMERCIO IMPORTACAO E EXPORTACAO LTDA,FALSE,,20/03/2026,,"R$ 7.913,48",23/01/2026,27/03/2026,63,"0,000000",Sem vendas,,90,0,,,06/02/2026 21:40 - Conta pessoal,,,pv,Medidas,Medidas,pv,pv,,,"R$ 1.061,50","6,50","R$ 69,00","0,000","R$ 0,00","1,65","R$ 17,51","7,60","R$ 80,67",4,"R$ 42,46","1130,4975",Verificar NCM,95030010,95030010,9503.00.10 importado adiquirido nacionalmente carros e motos,"R$ 1,00","16,50",47x66x118,"231,00","61,01",20%,5%,n/a,n/a,1897.54,"3795,08","R$ 120,45","2140,08","1971,57",10%,"12,4%","30,00","1,0%","2.250,96",,,"1.225,70","1,47","R$ 0,45","0,00","3,50%","10,00%",,,,"R$ 65,95","2587,14","2351,95"
BW028VD,16405408598,Mini Carro Jeep 12v verde BW028VD,,25,19,6,72,0,"779,0049",IMPORTWAY COMERCIO IMPORTACAO E EXPORTACAO LTDA,FALSE,23/01/2026,15/12/2025,,"R$ 4.674,03",11/11/2025,27/03/2026,136,"0,139706",42,,90,13,,https://www.bling.com.br/produtos.php#edit/16405408598,não,,,v,v,v,v,v,v,v,"R$ 731,46","6,50","R$ 47,54","0,000","R$ 0,00","1,65","R$ 12,07","7,60","R$ 55,59",12,"R$ 87,78","779,0049",Verificar NCM,95030010,95030010,9503.00.10 importado adiquirido nacionalmente carros e motos,"R$ 1,00", kg,100x70x40,"210,00","46,67",20%,10%,22898814152,22993863736,1439.29,"2878,58","R$ 105,45","1655,06","1513,60",10%,"12,4%","30,00","1,0%","1.738,21",,,"936,27","1,12","R$ 0,45","0,00","3,50%","10,00%",,,,"R$ 112,45","2100,59","1909,62"
BW079RS,16255685319,trator eletrico rosa 6v bw079rs,,15,10,5,4,0,"538,9965",IMPORTWAY COMERCIO IMPORTACAO E EXPORTACAO LTDA,FALSE,23/01/2026,28/01/2026,,"R$ 2.694,98",18/12/2024,27/03/2026,464,"0,021552",232,,90,2,,https://www.bling.com.br/produtos.php#edit/16255685319,não,,,v,b,b,b,b,v,v,"R$ 506,10","6,50","R$ 32,90","0,000","R$ 0,00","0,65","R$ 3,29","3,00","R$ 15,18",12,"R$ 60,73","538,9965",Verificar NCM,95030010,95030010,9503.00.10 importado adiquirido nacionalmente carros e motos,"R$ 1,00", kg,37x41x71,"149,00","17,95",20%,-10%,23693071585,n/a,744.73,"1489,46","R$ 85,95","851,63","797,38",10%,"12,4%","30,00","1,0%","855,85",,,"452,17","0,54","R$ 0,45","0,00","3,50%","10,00%",,,,"R$ 85,95","1078,23","980,20"
BW129RS,16264140625,Mini Quadriciclo 6V Rosa BW129RS,,23,18,3,0,0,"314,0046",IMPORTWAY COMERCIO IMPORTACAO E EXPORTACAO LTDA,FALSE,23/01/2026,28/01/2026,,"R$ 942,01",11/11/2025,27/03/2026,136,"0,132353",22,,90,12,,https://www.bling.com.br/produtos.php#edit/16264140625,não,,,v,v,v,v,v,v,v,"R$ 294,84","6,50","R$ 19,16","0,000","R$ 0,00","1,65","R$ 4,86","7,60","R$ 22,41",12,"R$ 35,38","314,0046",Verificar NCM,95030010,95030010,9503.00.10 importado adiquirido nacionalmente carros e motos,"R$ 1,00", kg,30x34x64,"128,00","10,88",20%,10%,23793067200,23298355183,608.94,"1217,88","R$ 65,95","712,06","651,20",10%,"12,4%","30,00","1,0%","740,35",,,"323,42","0,39","R$ 0,45","0,00","3,50%","10,00%",,,,"R$ 73,45","795,42","723,11"
BW401LR,16594101501,QUADRICICLO ELETRICO 12V LARANJA,,5,0,5,1,0,"892,0547",IMPORTWAY COMERCIO IMPORTACAO E EXPORTACAO LTDA,FALSE,,20/03/2026,,"R$ 4.460,27",23/01/2026,27/03/2026,63,"0,000000",Sem vendas,,90,0,,,05/02/2026 01:49 - Conta pessoal,,,pv,Medidas,Medidas,pv,pv,x,medidas,"R$ 837,61","6,50","R$ 54,44","0,000","R$ 0,00","1,65","R$ 13,82","7,60","R$ 63,66",4,"R$ 33,50","892,0547",Verificar NCM,95030010,95030010,9503.00.10 importado adiquirido nacionalmente carros e motos,"R$ 1,00","20,60",42x63x114,"219,00","50,27",20%,5%,n/a,n/a,1506.65,"3013,30","R$ 101,95","1700,86","1566,94",10%,"12,4%","30,00","1,0%","1.788,87",,,"967,17","1,16","R$ 0,45","0,00","3,50%","10,00%",,,,"R$ 112,45","2162,46","1965,87"
BW236PT,16311898389,mini carro policial jipe 12v bw236pt,,5,0,5,1,0,"1044,0408",IMPORTWAY COMERCIO IMPORTACAO E EXPORTACAO LTDA,FALSE,23/01/2026,20/03/2026,,"R$ 5.220,20",23/01/2026,27/03/2026,63,"0,000000",Sem vendas,,90,0,,https://www.bling.com.br/produtos.php#edit/16311898389,07/02/2026 23:26 - Conta pessoal,,,pv,medidas,medidas,pv,pv,v,v,"R$ 980,32","6,50","R$ 63,72","0,000","R$ 0,00","1,65","R$ 16,18","7,60","R$ 74,50",4,"R$ 39,21","1044,0408",Verificar NCM,95030010,95030010,9503.00.10 importado adiquirido nacionalmente carros e motos,"R$ 1,00", kg,118x41x61,"220,00","49,19",20%,10%,n/a,n/a,1912.57,"3825,14","R$ 105,45","2150,45","1966,65",10%,"12,4%","30,00","1,0%","2.306,95",,,"1.131,96","1,36","R$ 0,45","0,00","3,50%","10,00%",,,,"R$ 112,45","2492,44","2265,85"
BW373AZ,16594082710,Mini Carro Elétrico 12V Com Controle Remoto Azul - BW373AZ,,5,0,5,0,0,"474,0422",IMPORTWAY COMERCIO IMPORTACAO E EXPORTACAO LTDA,FALSE,,28/01/2026,,"R$ 2.370,21",26/01/2026,27/03/2026,60,"0,000000",Sem vendas,,90,0,,,31/01/2026 22:17 - Conta pessoal,,,pv,v,pv,pv,pv,,,"R$ 445,11","6,50","R$ 28,93","0,000","R$ 0,00","1,65","R$ 7,34","7,60","R$ 33,83",4,"R$ 17,80","474,0422",Verificar NCM,95030010,95030010,S/ Grupo,"R$ 1,00","16,00",24x50x93,"167,00","18,60",20%,5%,22094844789,58203968577,821.38,"1642,76","R$ 85,95","958,96","883,45",10%,"12,4%","30,00","1,0%","978,76",,,"513,96","0,62","R$ 0,45","0,00","3,50%","10,00%",,,,"R$ 100,00","1230,05","1118,23"
BW313PT,16359939291,mini carro GT3 preto BW313PT,,4,0,4,0,0,"1.249,0001",IMPORTWAY COMERCIO IMPORTACAO E EXPORTACAO LTDA,FALSE,23/01/2026,20/03/2026,,"R$ 4.996,00",15/09/2025,27/03/2026,193,"0,000000",Sem vendas,,90,0,,https://www.bling.com.br/produtos.php#edit/16359939291,não,,,v,v,v,v,v,v,v,"R$ 1.172,77","6,50","R$ 76,23","0,000","R$ 0,00","1,65","R$ 19,35","7,60","R$ 89,13",12,"R$ 140,73","1249,0001",Verificar NCM,95030010,95030010,9503.00.10 importado adiquirido nacionalmente carros e motos,"R$ 1,00", kg,29x59x116,"204,00","33,08",20%,0%,19899567645,23698903454,1933.33,"3866,66","R$ 101,95","2129,06","1973,65",10%,"12,4%","30,00","1,0%","2.261,48",,,"1.193,77","1,43","R$ 0,45","0,00","3,50%","10,00%",,,,"R$ 112,45","2616,21","2378,37"
BW313BR,16359939287,mini carro GT3 branco BW313BR,,4,0,4,0,0,"1.249,0001",IMPORTWAY COMERCIO IMPORTACAO E EXPORTACAO LTDA,FALSE,23/01/2026,20/03/2026,,"R$ 4.996,00",15/09/2025,27/03/2026,193,"0,000000",Sem vendas,,90,0,,https://www.bling.com.br/produtos.php#edit/16359939287,não,,,v,v,v,v,v,v,v,"R$ 1.172,77","6,50","R$ 76,23","0,000","R$ 0,00","1,65","R$ 19,35","7,60","R$ 89,13",12,"R$ 140,73","1249,0001",Verificar NCM,95030010,95030010,9503.00.10 importado adiquirido nacionalmente carros e motos,"R$ 1,00", kg,29x59x116,"204,00","33,08",20%,0%,21999562664,23698903494,1933.33,"3866,66","R$ 112,45","2145,59","1988,98",10%,"12,4%","30,00","1,0%","2.261,48",,,"1.193,77","1,43","R$ 0,45","0,00","3,50%","10,00%",,,,"R$ 112,45","2616,21","2378,37"
BW401AZ,16594100991,QUADRICICLO ELETRICO 12V AZUL,,4,0,4,0,0,"892,0547",IMPORTWAY COMERCIO IMPORTACAO E EXPORTACAO LTDA,FALSE,,20/03/2026,,"R$ 3.568,22",23/01/2026,27/03/2026,63,"0,000000",Sem vendas,,90,0,,,05/02/2026 00:18 - Conta pessoal,,,pv,Medidas,Medidas,pv,pv,,,"R$ 837,61","6,50","R$ 54,44","0,000","R$ 0,00","1,65","R$ 13,82","7,60","R$ 63,66",4,"R$ 33,50","892,0547",Verificar NCM,95030010,95030010,9503.00.10 importado adiquirido nacionalmente carros e motos,"R$ 1,00","20,60",42x63x114,"219,00","50,27",20%,5%,n/a,n/a,1506.65,"3013,30","R$ 105,45","1706,85","1572,45",10%,"12,4%","30,00","1,0%","1.788,87",,,"967,17","1,16","R$ 0,45","0,00","3,50%","10,00%",,,,,"1937,56","1761,42"
BW370VM,16594096937,QUADRICICLO ELETRICO 6V COM EMPURRADOR E COBERTURA VERMELHO,,7,3,0,0,0,"319,1060",IMPORTWAY COMERCIO IMPORTACAO E EXPORTACAO LTDA,FALSE,,28/01/2026,,"R$ 0,00",27/01/2026,27/03/2026,59,"0,050847",Ruptura,,90,5,,,31/01/2026 17:53 - Conta pessoal,,,pv,v,pv,pv,pv,,,"R$ 299,63","6,50","R$ 19,48","0,000","R$ 0,00","1,65","R$ 4,94","7,60","R$ 22,77",4,"R$ 11,99","319,1060",Verificar NCM,95030010,95030010,9503.00.10 importado adiquirido nacionalmente carros e motos,"R$ 1,00","6,20",30x37x66,"133,00","12,21",20%,10%,58204262160,58204262396,618.05,"1236,10","R$ 65,95","721,60","659,92",10%,"12,4%","30,00","1,0%","751,30",,,"345,98","0,42","R$ 0,45","0,00",,,,,,,"546,21","506,34"
BW181BR,16558896507,Mini carro elétrico 6V Lamborghini Sian bw181br BRANCO,,4,1,3,1,0,"1.498,9982",IMPORTWAY COMERCIO IMPORTACAO E EXPORTACAO LTDA,FALSE,23/01/2026,20/03/2026,,"R$ 4.496,99",25/02/2025,27/03/2026,395,"0,002532",1185,,90,0,,https://www.bling.com.br/produtos.php#edit/16558896507,não,,,v,b,b,b,b,v,v,"R$ 1.407,51","6,50","R$ 91,49","0,000","R$ 0,00","1,65","R$ 23,22","7,60","R$ 106,97",12,"R$ 168,90","1498,9982",Verificar NCM,95030010,95030010,9503.00.10 importado adiquirido nacionalmente carros e motos,"R$ 1,00", kg,110x58x32,"200,00","34,03",20%,-10%,21598031594,22498656022,2007.89,"4015,78","R$ 105,45","2184,28","2045,16",10%,"12,4%","30,00","1,0%","2.297,29",,,"1.183,47","1,42","R$ 0,45","0,00","3,50%","10,00%",,,,"R$ 112,45","2595,58","2359,62"
BW435VM,16594111431,MINI CARRO ELETRICO 12V LICENCIADO MERCEDES BENZ GLE53 VERMELHO,,4,1,3,0,0,"854,0448",IMPORTWAY COMERCIO IMPORTACAO E EXPORTACAO LTDA,FALSE,,07/02/2026,,"R$ 2.562,13",06/02/2026,27/03/2026,49,"0,020408",147,,90,2,,,09/02/2026 23:08 - Conta pessoal,,,pv,v,pv,pv,pv,,,"R$ 801,92","6,50","R$ 52,12","0,000","R$ 0,00","1,65","R$ 13,23","7,60","R$ 60,95",4,"R$ 32,08","854,0448",Verificar NCM,95030010,95030010,9503.00.10 importado adiquirido nacionalmente carros e motos,"R$ 1,00","13,50",26x50x101,"177,00","21,88",20%,10%,58254339379,58254342428,1573.29,"3146,58","R$ 85,95","1758,87","1608,54",10%,"12,4%","30,00","1,0%","1.899,24",,,"925,97","1,11","R$ 0,45","0,00",,,,,,,"1460,68","1354,06"
BW123VM,16325791748,audi r8 spyder Vermelho bw123vm,,4,2,2,0,0,"1.269,0008",IMPORTWAY COMERCIO IMPORTACAO E EXPORTACAO LTDA,FALSE,23/01/2026,20/03/2026,,"R$ 2.538,00",19/09/2024,27/03/2026,554,"0,003610",554,,90,0,,https://www.bling.com.br/produtos.php#edit/16325791748,não,,,v,b,b,b,b,v,v,"R$ 1.191,55","6,50","R$ 77,45","0,000","R$ 0,00","0,65","R$ 7,75","3,00","R$ 35,75",12,"R$ 142,99","1269,0008",Verificar NCM,95030010,95030010,9503.00.10 importado adiquirido nacionalmente carros e motos,"R$ 1,00", kg,108x56x29,193,"29,23",20%,-10%,19697880624,n/a,1705.26,"3410,52","R$ 101,95","1866,60","1747,71",10%,"12,4%","30,00","1,0%","1.951,95",,,"1.028,97","1,23","R$ 0,45","0,00","3,50%","10,00%",,,,"R$ 112,45","2286,21","2078,37"
BW241VM,16415458516,mini utv 12v Vermelho,,2,0,2,0,0,"1148,99655",IMPORTWAY COMERCIO IMPORTACAO E EXPORTACAO LTDA,FALSE,23/01/2026,20/03/2026,,"R$ 2.297,99",26/02/2025,27/03/2026,394,"0,000000",Sem vendas,,90,0,,https://www.bling.com.br/produtos.php#edit/16415458516,não,,,v,b,b,b,b,v,v,"R$ 1.078,87","6,50","R$ 70,13","0,000","R$ 0,00","1,65","R$ 17,80","7,60","R$ 81,99",12,"R$ 129,46","1148,9966",Verificar NCM,95030010,95030010,9503.00.10 importado adiquirido nacionalmente carros e motos,"R$ 1,00", kg,33x58x116,"207,00","37,00",20%,-10%,18198106822,22298712293,1547.36,"3094,72","R$ 101,95","1703,33","1594,84",10%,"12,4%","30,00","1,0%","1.771,77",,,"1.028,97","1,23","R$ 0,45","0,00","3,50%","10,00%",,,,"R$ 112,45","2286,21","2078,37"
BW369VM,16416416585,mini moto eletrica 6v vermelha,,10,8,2,0,0,"379,0016",IMPORTWAY COMERCIO IMPORTACAO E EXPORTACAO LTDA,FALSE,23/01/2026,28/01/2026,,"R$ 758,00",26/02/2025,27/03/2026,394,"0,020305",98,,90,2,,https://www.bling.com.br/produtos.php#edit/16416416585,não,7908449936191,,v,v,b,b,b,v,v,"R$ 355,87","6,50","R$ 23,13","0,000","R$ 0,00","1,65","R$ 5,87","7,60","R$ 27,05",12,"R$ 42,70","379,0016",Verificar NCM,95030010,95030010,9503.00.10 importado adiquirido nacionalmente carros e motos,"R$ 1,00", kg,49x38x34,"121,00","10,55",20%,-10%,23393787335,n/a,534.21,"1068,42","R$ 65,95","606,74","568,09",10%,"12,4%","30,00","1,0%","615,62",,,"283,14","0,34","R$ 0,45","0,00","3,50%","10,00%",,,,"R$ 65,95","699,76","636,15"
BW305VD,16443416204,mini carro eletrico lamborguini centenario 12v verde BW305VD,,2,0,2,0,0,"1.799,9991",IMPORTWAY COMERCIO IMPORTACAO E EXPORTACAO LTDA,FALSE,23/01/2026,20/03/2026,,"R$ 3.600,00",16/04/2025,27/03/2026,345,"0,000000",Sem vendas,,90,0,,https://www.bling.com.br/produtos.php#edit/16443416204,não,,,v,medidas,medidas,b,b,,,"R$ 1.690,14","6,50","R$ 109,86","0,000","R$ 0,00","1,65","R$ 27,89","7,60","R$ 128,45",12,"R$ 202,82","1799,9991",Verificar NCM,95030010,95030010,9503.00.10 importado adiquirido nacionalmente carros e motos,"R$ 1,00", kg,138x65x35,"238,00","52,33",20%,-10%,,n/a,2403.95,"4807,90","R$ 98,95","2584,96","2420,32",10%,"12,4%","30,00","1,0%","2.749,25",,,"1.946,70","2,34","R$ 0,45","0,00","3,50%","10,00%",,,,,"3898,97","3544,52"
BW313VD,16359939293,mini carro GT3 verde BW313VD,,2,0,2,3,0,"1249,00005",IMPORTWAY COMERCIO IMPORTACAO E EXPORTACAO LTDA,FALSE,23/01/2026,20/03/2026,,"R$ 2.498,00",15/09/2025,27/03/2026,193,"0,000000",Sem vendas,,90,0,,https://www.bling.com.br/produtos.php#edit/16359939293,não,,,v,v,v,v,v,v,v,"R$ 1.172,77","6,50","R$ 76,23","0,000","R$ 0,00","1,65","R$ 19,35","7,60","R$ 89,13",12,"R$ 140,73","1249,0001",Verificar NCM,95030010,95030010,9503.00.10 importado adiquirido nacionalmente carros e motos,"R$ 1,00", kg,29x59x116,"204,00","33,08",20%,0%,21799562717,23599045033,1933.33,"3866,66","R$ 112,45","2145,59","1988,98",10%,"12,4%","30,00","1,0%","2.261,48",,,"1.193,77","1,43","R$ 0,45","0,00","3,50%","10,00%",,,,"R$ 112,45","2616,21","2378,37"
BW316VM,16512656270,mini moto eletrica 12v BMW R 1200RT Vermelho,,3,1,2,0,0,"1.498,9982",IMPORTWAY COMERCIO IMPORTACAO E EXPORTACAO LTDA,FALSE,23/01/2026,21/03/2026,,"R$ 2.998,00",20/09/2025,27/03/2026,188,"0,005319",376,,90,0,,,não,,,v,v,v,v,v,,,"R$ 1.407,51","6,50","R$ 91,49","0,000","R$ 0,00","1,65","R$ 23,22","7,60","R$ 106,97",12,"R$ 168,90","1498,9982",Verificar NCM,95030010,95030010,9503.00.10 importado adiquirido nacionalmente carros e motos,"R$ 1,00", kg,39x71x119,"229,00","54,92",20%,0%,23298848702,23899036957,2312.12,"4624,24","R$ 112,45","2539,29","2353,94",10%,"12,4%","30,00","1,0%","2.703,18",,,"1.543,97","1,85","R$ 0,45","0,00","3,50%","10,00%",,,,,"3092,55","2811,41"
BW280AZ,16365891487,mini carro eletrico Tundra Azul 12v bw280az,,5,3,2,4,0,"1.129,9991",IMPORTWAY COMERCIO IMPORTACAO E EXPORTACAO LTDA,FALSE,23/01/2026,20/03/2026,,"R$ 2.260,00",19/10/2025,27/03/2026,159,"0,018868",106,,90,2,,https://www.bling.com.br/produtos.php#edit/16365891487,não,,,v,v,v,v,v,v,v,"R$ 1.061,03","6,50","R$ 68,97","0,000","R$ 0,00","1,65","R$ 17,51","7,60","R$ 80,64",12,"R$ 127,32","1129,9991",Verificar NCM,95030010,95030010,9503.00.10 importado adiquirido nacionalmente carros e motos,"R$ 1,00", kg,55x32x107,"194,00","31,39",20%,-10%,22193630030,21099758593,1522.37,"3044,74","R$ 101,95","1677,48","1570,64",10%,"12,4%","30,00","1,0%","1.743,24",,,"1.122,70","1,35","R$ 0,45","0,00","3,50%","10,00%",,,,"R$ 112,45","2473,89","2248,99"
BW239BR,16556594635,mini pick up 12v BW239BR,,2,0,2,11,0,"1.693,9997",IMPORTWAY COMERCIO IMPORTACAO E EXPORTACAO LTDA,FALSE,23/01/2026,21/03/2026,,"R$ 3.388,00",15/11/2025,27/03/2026,132,"0,000000",Sem vendas,,90,0,,,não,,,v,medidas,medidas,v,v,v,medidas,"R$ 1.590,61","6,50","R$ 103,39","0,000","R$ 0,00","1,65","R$ 26,25","7,60","R$ 120,89",12,"R$ 190,87","1693,9997",Verificar NCM,95030010,95030010,9503.00.10 importado adiquirido nacionalmente carros e motos,"R$ 1,00",25 kg,128x70x65,"263,00","97,07",20%,0%,,n/a,2607.58,"5215,16","R$ 112,45","2846,38","2638,61",10%,"12,4%","30,00","1,0%","3.047,70",,,"1.646,97","1,98","R$ 0,45","0,00","3,50%","10,00%",,,,"R$ 112,45","3523,69","3203,36"
BW280VM,16265610394,Carro Eletrico Toyota Tundra vermelho 12v,,2,0,2,0,0,"1.035,4995",IMPORTWAY COMERCIO IMPORTACAO E EXPORTACAO LTDA,FALSE,,20/03/2026,,"R$ 2.071,00",26/01/2026,27/03/2026,60,"0,000000",Sem vendas,,90,0,,https://www.bling.com.br/produtos.php#edit/16265610394,31/01/2026 12:10 - Conta pessoal,,,pv,v,pv,pv,pv,v,v,"R$ 972,30","6,50","R$ 63,20","0,000","R$ 0,00","1,65","R$ 16,04","7,60","R$ 73,89",4,"R$ 38,89","1035,4995",Verificar NCM,95030010,95030010,9503.00.10 importado adiquirido nacionalmente carros e motos,"R$ 1,00", kg,31x55x106,"192,00","30,12",20%,10%,23993053026,22294056320,1897.32,"3794,64","R$ 101,95","2127,94","1946,07",10%,"12,4%","30,00","1,0%","2.288,63",,,"1.122,70","1,35","R$ 0,45","0,00","3,50%","10,00%",,,,"R$ 112,45","2473,89","2248,99"
BW373BR,16594099037,MINI CARRO ELETRICO 12V COM CONTROLE REMOTO BRANCO,,5,3,2,0,0,"474,0422",IMPORTWAY COMERCIO IMPORTACAO E EXPORTACAO LTDA,FALSE,,29/01/2026,,"R$ 948,08",26/01/2026,27/03/2026,60,"0,050000",40,,90,5,,,31/01/2026 22:19 - Conta pessoal,,,pv,v,pv,pv,pv,,,"R$ 445,11","6,50","R$ 28,93","0,000","R$ 0,00","1,65","R$ 7,34","7,60","R$ 33,83",4,"R$ 17,80","474,0422",Verificar NCM,95030010,95030010,9503.00.10 importado adiquirido nacionalmente carros e motos,"R$ 1,00","16,00",24x50x93,"167,00","18,60",20%,10%,58203964415,58203968593,894.72,"1789,44","R$ 85,95","1048,58","958,96",10%,"12,4%","30,00","1,0%","1.083,78",,,"513,96","0,62","R$ 0,45","0,00","3,50%","10,00%",,,,,"1030,05","936,41"
BW402VM,16594103688,MINI CARRO ELETRICO 6V VERMELHO,,2,0,2,0,0,"569,0508",IMPORTWAY COMERCIO IMPORTACAO E EXPORTACAO LTDA,FALSE,,28/01/2026,,"R$ 1.138,10",26/01/2026,27/03/2026,60,"0,000000",Sem vendas,,90,0,,,05/02/2026 23:14 - Conta pessoal,,,pv,v,pv,pv,pv,,,"R$ 534,32","6,50","R$ 34,73","0,000","R$ 0,00","1,65","R$ 8,82","7,60","R$ 40,61",4,"R$ 21,37","569,0508",Verificar NCM,95030010,95030010,9503.00.10 importado adiquirido nacionalmente carros e motos,"R$ 1,00","11,00",26x52x95,"173,00","21,41",20%,10%,23499324487,58254342443,1064.38,"2128,76","R$ 85,95","1226,17","1121,37",10%,"12,4%","30,00","1,0%","1.287,66",,,"616,97","0,74","R$ 0,45","0,00",,,,,,,"973,48","902,42"
BW313LR,16359939290,mini carro GT3 laranjado BW313LR,,2,0,2,0,0,"1.101,0503",IMPORTWAY COMERCIO IMPORTACAO E EXPORTACAO LTDA,FALSE,,20/03/2026,,"R$ 2.202,10",28/01/2026,27/03/2026,58,"0,000000",Sem vendas,,90,0,,https://www.bling.com.br/produtos.php#edit/16359939290,31/01/2026 13:14 - Conta pessoal,,,pv,v,pv,pv,pv,v,v,"R$ 1.033,85","6,50","R$ 67,20","0,000","R$ 0,00","1,65","R$ 17,06","7,60","R$ 78,57",4,"R$ 41,35","1101,0503",Verificar NCM,95030010,95030010,9503.00.10 importado adiquirido nacionalmente carros e motos,"R$ 1,00", kg,29x59x116,"204,00","33,08",20%,10%,19999567614,22494154335,2014.38,"4028,76","R$ 105,45","2257,01","2064,10",10%,"12,4%","30,00","1,0%","2.429,29",,,"1.193,77","1,43","R$ 0,45","0,00","3,50%","10,00%",,,,"R$ 112,45","2616,21","2378,37"
BW425BR,16594106537,MINI CARRO ELETRICO 12V LICENCIADO PORSCHE CAYENNE BRANCO,,2,0,2,0,0,"1.186,5485",IMPORTWAY COMERCIO IMPORTACAO E EXPORTACAO LTDA,FALSE,,20/03/2026,,"R$ 2.373,10",06/02/2026,27/03/2026,49,"0,000000",Sem vendas,,90,0,,,07/02/2026 00:30 - Conta pessoal,,,pv,v,pv,pv,pv,,,"R$ 1.114,13","6,50","R$ 72,42","0,000","R$ 0,00","1,65","R$ 18,38","7,60","R$ 84,67",4,"R$ 44,57","1186,5485",Verificar NCM,95030010,95030010,9503.00.10 importado adiquirido nacionalmente carros e motos,"R$ 1,00","17,40",30x54x106,"190,00","28,62",20%,10%,23494827860,58254342439,2167.05,"4334,10","R$ 105,45","2416,82","2210,25",10%,"12,4%","30,00","1,0%","2.612,76",,,"1.286,47","1,54","R$ 0,45","0,00",,,,,,,"2029,08","1880,97"
BW426BOM,16594107137,MINI CARRO ELETRICO 12V LICENCIADO DODGE RAM 1500 RHO BOMBEIRO,,2,0,2,0,0,"1.253,0577",IMPORTWAY COMERCIO IMPORTACAO E EXPORTACAO LTDA,FALSE,,20/03/2026,,"R$ 2.506,12",06/02/2026,27/03/2026,49,"0,000000",Sem vendas,,90,0,,,07/02/2026 02:08 - Conta pessoal,,,pv,Medidas,Medidas,pv,pv,x,x,"R$ 1.176,58","6,50","R$ 76,48","0,000","R$ 0,00","1,65","R$ 19,41","7,60","R$ 89,42",4,"R$ 47,06","1253,0577",Verificar NCM,95030010,95030010,9503.00.10 importado adiquirido nacionalmente carros e motos,"R$ 1,00","22,00",57x68x113,"238,00","73,00",20%,10%,n/a,n/a,2285.82,"4571,64","R$ 125,95","2579,45","2358,99",10%,"12,4%","30,00","1,0%","2.755,49",,,"1.358,57","1,63","R$ 0,45","0,00",,,,,,,"2142,76","1986,35"
BW430RS,16594134504,MINI KOMBI ELETRICA 6V LICENCIADO VOLKSWAGEN BUZZ ROSA,,2,0,2,0,0,"711,55845",IMPORTWAY COMERCIO IMPORTACAO E EXPORTACAO LTDA,FALSE,,20/03/2026,,"R$ 1.423,12",06/02/2026,27/03/2026,49,"0,000000",Sem vendas,,90,0,,,09/02/2026 23:16 - Conta pessoal,,,pv,v,pv,pv,pv,,,"R$ 668,13","6,50","R$ 43,43","0,000","R$ 0,00","1,65","R$ 11,02","7,60","R$ 50,78",4,"R$ 26,73","711,5585",Verificar NCM,95030010,95030010,9503.00.10 importado adiquirido nacionalmente carros e motos,"R$ 1,00","13,00",36x46x90,"172,00","24,84",20%,0%,58203967906,58203968743,1119.03,"2238,06","R$ 65,95","1226,00","1136,51",10%,"12,4%","30,00","1,0%","1.311,94",,,"771,47","0,93","R$ 0,45","0,00","3,50%","10,00%",,,,"R$ 73,45","1692,59","1538,72"
BW435BR,16594109795,MINI CARRO ELETRICO 12V LICENCIADO MERCEDES BENZ CLE53 BRANCO,,3,1,2,0,0,"854,0448",IMPORTWAY COMERCIO IMPORTACAO E EXPORTACAO LTDA,FALSE,,07/02/2026,,"R$ 1.708,09",06/02/2026,27/03/2026,49,"0,020408",98,,90,2,,,09/02/2026 23:00 - Conta pessoal,,,pv,v,pv,pv,n/a,,,"R$ 801,92","6,50","R$ 52,12","0,000","R$ 0,00","1,65","R$ 13,23","7,60","R$ 60,95",4,"R$ 32,08","854,0448",Verificar NCM,95030010,95030010,9503.00.10 importado adiquirido nacionalmente carros e motos,"R$ 1,00","13,50",26x50x101,"177,00","21,88",20%,10%,58204353954,58254339459,1573.29,"3146,58","R$ 85,95","1758,87","1608,54",10%,"12,4%","30,00","1,0%","1.899,24",,,"925,97","1,11","R$ 0,45","0,00",,,,,,,"1460,68","1354,06"
BW124BR,16365891482,mini carro branco AMG G63 BW124BR,,4,3,1,0,0,"1599,5333",IMPORTWAY COMERCIO IMPORTACAO E EXPORTACAO LTDA,FALSE,23/01/2026,21/03/2026,,"R$ 1.599,53",14/12/2024,27/03/2026,468,"0,006410",156,,90,1,,https://www.bling.com.br/produtos.php#edit/16365891482,não,,,v,b,b,b,b,,,"R$ 1.501,91","6,50","R$ 97,62","0,000","R$ 0,00","0,65","R$ 9,76","3,00","R$ 45,06",12,"R$ 180,23","1599,5333",Verificar NCM,95030010,95030010,9503.00.10 importado adiquirido nacionalmente carros e motos,"R$ 1,00","21,00",116x62x25,"203,00","29,97",20%,0%,23693610294,20398259378,2464.44,"4928,88","R$ 112,45","2697,61","2500,71",10%,"12,4%","30,00","1,0%","2.880,80",,,"1.451,26","1,74","R$ 0,45","0,00","3,50%","10,00%",,,,"R$ 112,45","3131,80","2847,09"
IWATVE350VM,16404323229,Quadriciclo Elétrico 350W Vermelho,,1,0,1,0,0,"3.284,5357",IMPORTWAY COMERCIO IMPORTACAO E EXPORTACAO LTDA,FALSE,23/01/2026,20/03/2026,,"R$ 3.284,54",13/02/2025,27/03/2026,407,"0,000000",Sem vendas,,90,0,,https://www.bling.com.br/produtos.php#edit/16404323229,não,,,v,medidas,medidas,b,-,,,"R$ 2.432,46","18,81","R$ 457,55","16,219","R$ 394,53","1,65","R$ 40,14","7,60","R$ 184,87",4,"R$ 97,30","3284,5357",Verificar NCM,87038000,87038000,8703.21.00 importado adiquirido nacionalmente quadriciclo 49cc e 350w,"R$ 5,00", kg,95x46x55,"196,00","40,06",20%,0%,,n/a,5023.54,"10047,08","R$ 112,45","5357,46","4966,40",10%,"12,4%","30,00","1,0%","5.864,90",,,"3.284,54","3,94","R$ 0,45","0,00","3,50%","10,00%",,,,,"6577,86","5979,88"
WVATV002P,16276837977,Mini quadriciclo 49cc partida Manual Preto,,10,9,0,0,0,"2.887,0723",IMPORTWAY COMERCIO IMPORTACAO E EXPORTACAO LTDA,FALSE,,20/03/2026,,"R$ 0,00",17/02/2025,26/03/2026,402,"0,022388",Ruptura,,90,2,,https://www.bling.com.br/produtos.php#edit/16276837977,não,,,v,peso,peso,v,sim,,,"R$ 2.422,34","5,27","R$ 127,66","13,915","R$ 337,08","1,65","R$ 39,97","7,60","R$ 184,10",4,"R$ 96,89","2887,0723",Verificar NCM,87032100,87032100,8703.21.00 importado adiquirido nacionalmente quadriciclo 49cc e 350w,"R$ 5,00", kg,56x45x95,"196,00","39,90",20%,0%,,n/a,4421.32,"8842,64",,"4554,44","4222,00",10%,"12,4%","30,00","1,0%","5.162,67",,,"2.548,25","3,06","R$ 0,45","0,00","3,50%","10,00%",,,,,"5103,52","4639,56"
BW120PT,16415092900,mini carro UTV unimog preto BW120PT,,2,1,1,0,0,"2.649,9969",IMPORTWAY COMERCIO IMPORTACAO E EXPORTACAO LTDA,FALSE,23/01/2026,20/03/2026,,"R$ 2.650,00",25/02/2025,27/03/2026,395,"0,002532",395,,90,0,,https://www.bling.com.br/produtos.php#edit/16415092900,não,,,v,medidas,medidas,b,b,v,medidas,"R$ 2.488,26","6,50","R$ 161,74","0,000","R$ 0,00","1,65","R$ 41,06","7,60","R$ 189,11",12,"R$ 298,59","2649,9969",Verificar NCM,95030010,95030010,9503.00.10 importado adiquirido nacionalmente carros e motos,"R$ 1,00", kg,128x80x46,"254,00","78,51",20%,-10%,,n/a,3522.36,"7044,72","R$ 98,95","3741,42","3503,12",10%,"12,4%","30,00","1,0%","4.025,52",,,"2.039,39","2,45","R$ 0,45","0,00","3,50%","10,00%",,,,"R$ 125,95","4336,47","3942,25"
BW123PT,16263138475,audi r8 spyder preto bw123pt,,7,6,1,0,0,"1.198,9983",IMPORTWAY COMERCIO IMPORTACAO E EXPORTACAO LTDA,FALSE,23/01/2026,20/03/2026,,"R$ 1.199,00",03/04/2025,27/03/2026,358,"0,016760",59,,90,2,,https://www.bling.com.br/produtos.php#edit/16263138475,não,,,v,b,b,b,b,v,v,"R$ 1.125,82","6,50","R$ 73,18","0,000","R$ 0,00","0,65","R$ 7,32","3,00","R$ 33,77",12,"R$ 135,10","1198,9983",Verificar NCM,95030010,95030010,9503.00.10 importado adiquirido nacionalmente carros e motos,"R$ 1,00", kg,29x56x108,"193,00","29,23",20%,-10%,21397684105,n/a,1613.16,"3226,32","R$ 112,45","1785,64","1671,91",10%,"12,4%","30,00","1,0%","1.846,84",,,"1.028,97","1,23","R$ 0,45","0,00","3,50%","10,00%",,,,"R$ 101,95","2265,21","2059,28"
BW303VM,16412425409,Lamborghini Aventador SVJ 12v vermelha,,3,2,1,0,0,"1.818,9987",IMPORTWAY COMERCIO IMPORTACAO E EXPORTACAO LTDA,FALSE,23/01/2026,20/03/2026,,"R$ 1.819,00",05/09/2025,27/03/2026,203,"0,009852",101,,90,1,,https://www.bling.com.br/produtos.php#edit/16412425409,não,,,v,v,v,v,v,,,"R$ 1.707,98","6,50","R$ 111,02","0,000","R$ 0,00","1,65","R$ 28,18","7,60","R$ 129,81",12,"R$ 204,96","1818,9987",Verificar NCM,95030010,95030010,9503.00.10 importado adiquirido nacionalmente carros e motos,"R$ 1,00", kg,126x61x32,"219,00","40,99",20%,0%,18999615092,23698678573,2796.97,"5593,94","R$ 112,45","3043,23","2821,09",10%,"12,4%","30,00","1,0%","3.268,55",,,"1.873,57","2,25","R$ 0,45","0,00","3,50%","10,00%",,,,"R$ 112,45","3977,44","3615,85"
WVATV002V,16276835151,Mini quadriciclo 49cc partida Manual Vermelho,,4,3,1,0,0,"2.887,0723",IMPORTWAY COMERCIO IMPORTACAO E EXPORTACAO LTDA,FALSE,23/01/2026,21/03/2026,,"R$ 2.887,07",15/10/2025,27/03/2026,163,"0,018405",54,,90,2,,https://www.bling.com.br/produtos.php#edit/16276835151,28/01/2026 17:03 - Conta pessoal,,,v,peso,peso,b,b,,,"R$ 2.422,34","5,27","R$ 127,66","13,915","R$ 337,08","1,65","R$ 39,97","7,60","R$ 184,10",4,"R$ 96,89","2887,0723",Verificar NCM,87032100,87032100,8703.21.00 importado adiquirido nacionalmente quadriciclo 49cc e 350w,"R$ 5,00", kg,36x56x95,"187,00","31,92",20%,0%,,n/a,4421.32,"8842,64","R$ 112,45","4731,53","4386,16",10%,"12,4%","30,00","1,0%","5.162,67",,,"2.548,25","3,06","R$ 0,45","0,00","3,50%","10,00%",,,,,"5103,52","4639,56"
WVPR204A,16400856160,Mini Moto Pocket 49cc Azul WVPR204A,,3,2,1,0,0,"2.348,8645",IMPORTWAY COMERCIO IMPORTACAO E EXPORTACAO LTDA,FALSE,23/01/2026,20/03/2026,,"R$ 2.348,86",15/10/2025,27/03/2026,163,"0,012270",81,,90,1,,https://www.bling.com.br/produtos.php#edit/16400856160,não,,,v,v,v,v,-,v,v,"R$ 1.518,52","35,00","R$ 531,48","19,681","R$ 298,86","1,65","R$ 25,06","7,60","R$ 115,41",4,"R$ 60,74","2348,8645",Verificar NCM,87111000,87111000,8711.10.00 importado adiquirido nacionalmente motos 49cc,"R$ 5,00", kg,100x30x56,"186,00","28,00",20%,10%,,22094175022,4249.76,"8499,52","R$ 112,45","4609,93","4215,92",10%,"12,4%","30,00","1,0%","5.115,59",,,"2.003,99","2,40","R$ 0,45","0,00","3,50%","10,00%",,,,"R$ 112,45","4238,59","3853,26"
BW379PT,16519572662,Mini Carro Elétrico Preto 24V Chevrolet Blazer SS EV,,1,0,1,0,0,"2.338,9956",IMPORTWAY COMERCIO IMPORTACAO E EXPORTACAO LTDA,FALSE,23/01/2026,20/03/2026,,"R$ 2.339,00",21/10/2025,27/03/2026,157,"0,000000",Sem vendas,,90,0,,,não,,,v,medidas,medidas,v,v,v,medidas,"R$ 2.196,24","6,50","R$ 142,76","0,000","R$ 0,00","1,65","R$ 36,24","7,60","R$ 166,91",12,"R$ 263,55","2338,9956",Verificar NCM,95030010,95030010,9503.00.10 importado adiquirido nacionalmente carros e motos,"R$ 1,00",30 kg,42x78x138,"258,00","75,35",20%,0%,,n/a,3584.84,"7169,68",,"3685,03","3416,05",10%,"12,4%","30,00","1,0%","4.187,27",,,"2.358,69","2,83","R$ 0,45","0,00","3,50%","10,00%",,,,"R$ 112,45","4948,84","4498,95"
BW379RS,16551539275,Chevrolet Blazer SS EV 24V cor Rosa,,1,0,1,0,0,"2.338,9956",IMPORTWAY COMERCIO IMPORTACAO E EXPORTACAO LTDA,FALSE,23/01/2026,20/03/2026,,"R$ 2.339,00",21/10/2025,27/03/2026,157,"0,000000",Sem vendas,,90,0,,,não,,,v,medidas,medidas,v,v,v,medidas,"R$ 2.196,24","6,50","R$ 142,76","0,000","R$ 0,00","1,65","R$ 36,24","7,60","R$ 166,91",12,"R$ 263,55","2338,9956",Verificar NCM,95030010,95030010,9503.00.10 importado adiquirido nacionalmente carros e motos,"R$ 1,00",30 kg,42x78x138,"258,00","75,35",20%,0%,,n/a,3584.84,"7169,68","R$ 112,45","3862,12","3580,21",10%,"12,4%","30,00","1,0%","4.187,27",,,"2.358,69","2,83","R$ 0,45","0,00","3,50%","10,00%",,,,"R$ 112,45","4948,84","4498,95"
BW379BR,16551538724,Chevrolet Blazer SS EV 24V cor Branco,,1,0,1,0,0,"2.338,9956",IMPORTWAY COMERCIO IMPORTACAO E EXPORTACAO LTDA,FALSE,23/01/2026,20/03/2026,,"R$ 2.339,00",21/10/2025,27/03/2026,157,"0,000000",Sem vendas,,90,0,,,não,,,v,medidas,medidas,v,v,v,medidas,"R$ 2.196,24","6,50","R$ 142,76","0,000","R$ 0,00","1,65","R$ 36,24","7,60","R$ 166,91",12,"R$ 263,55","2338,9956",Verificar NCM,95030010,95030010,9503.00.10 importado adiquirido nacionalmente carros e motos,"R$ 1,00",30 kg,42x78x138,"258,00","75,35",20%,0%,,n/a,3584.84,"7169,68","R$ 112,45","3862,12","3580,21",10%,"12,4%","30,00","1,0%","4.187,27",,,"2.358,69","2,83","R$ 0,45","0,00","3,50%","10,00%",,,,"R$ 112,45","4948,84","4498,95"
BW241BR,16415458039,mini utv 12v branco BW241BR,,1,0,1,12,0,"1.359,0039",IMPORTWAY COMERCIO IMPORTACAO E EXPORTACAO LTDA,FALSE,23/01/2026,20/03/2026,,"R$ 1.359,00",23/10/2025,27/03/2026,155,"0,000000",Sem vendas,,90,0,,https://www.bling.com.br/produtos.php#edit/16415458039,não,,,v,v,v,v,v,v,v,"R$ 1.276,06","6,50","R$ 82,94","0,000","R$ 0,00","1,65","R$ 21,05","7,60","R$ 96,98",12,"R$ 153,13","1359,0039",Verificar NCM,95030010,95030010,9503.00.10 importado adiquirido nacionalmente carros e motos,"R$ 1,00", kg,116x58x33,"207,00","37,00",20%,0%,20798033159,21598261891,2100.01,"4200,02","R$ 101,45","2301,50","2133,51",10%,"12,4%","30,00","1,0%","2.455,84",,,"1.183,47","1,42","R$ 0,45","0,00","3,50%","10,00%",,,,"R$ 105,45","2581,58","2346,89"
BW123BR,16263119376,audi R8 Spyder Branco bw123br,,4,3,1,0,0,"999,0020",IMPORTWAY COMERCIO IMPORTACAO E EXPORTACAO LTDA,FALSE,23/01/2026,15/12/2025,,"R$ 999,00",11/11/2025,27/03/2026,136,"0,022059",45,,90,2,,https://www.bling.com.br/produtos.php#edit/16263119376,não,,,v,,v,v,v,v,v,"R$ 938,03","6,50","R$ 60,97","0,000","R$ 0,00","1,65","R$ 15,48","7,60","R$ 71,29",12,"R$ 112,56","999,0020",Verificar NCM,95030010,95030010,9503.00.10 importado adiquirido nacionalmente carros e motos,"R$ 1,00", kg,108x56x29,"193,00","29,23",20%,10%,22293409504,n/a,1832.15,"3664,30","R$ 112,45","2079,35","1901,63",10%,"12,4%","30,00","1,0%","2.210,30",,,"1.028,97","1,23","R$ 0,45","0,00","3,50%","10,00%",,,,"R$ 112,45","2286,21","2078,37"
BW239PT,16556594893,mini pick up 12v BW239PT,,2,1,1,1,0,"1.693,9997",IMPORTWAY COMERCIO IMPORTACAO E EXPORTACAO LTDA,FALSE,23/01/2026,20/03/2026,,"R$ 1.694,00",15/11/2025,27/03/2026,132,"0,007576",132,,90,1,,,não,,,v,medidas,medidas,v,v,v,medidas,"R$ 1.590,61","6,50","R$ 103,39","0,000","R$ 0,00","1,65","R$ 26,25","7,60","R$ 120,89",12,"R$ 190,87","1693,9997",Verificar NCM,95030010,95030010,9503.00.10 importado adiquirido nacionalmente carros e motos,"R$ 1,00",25 kg,128x70x65,"263,00","97,07",20%,0%,,n/a,2607.58,"5215,16","R$ 112,45","2846,38","2638,61",10%,"12,4%","30,00","1,0%","3.047,70",,,"1.646,97","1,98","R$ 0,45","0,00","3,50%","10,00%",,,,"R$ 112,45","3523,69","3203,36"
WVPR204P,16401169652,Mini Moto Pocket 49cc Preto,,3,2,1,0,0,"1.903,7863",IMPORTWAY COMERCIO IMPORTACAO E EXPORTACAO LTDA,FALSE,11/12/2025,20/03/2026,,"R$ 1.903,79",23/01/2026,27/03/2026,63,"0,031746",31,,90,3,,https://www.bling.com.br/produtos.php#edit/16401169652,09/02/2026 21:24 - Conta pessoal,,,pv,,pv,pv,pv,v,v,"R$ 1.230,78","35,00","R$ 430,77","19,681","R$ 242,23","1,65","R$ 20,31","7,60","R$ 93,54",4,"R$ 49,23","1903,7863",Verificar NCM,87111000,87111000,8711.10.00 importado adiquirido nacionalmente motos 49cc,"R$ 5,00", kg,100x30x56,"186,00","28,00",20%,10%,22793702836,21699671997,3454.98,"6909,96","R$ 105,45","3764,93","3443,14",10%,"12,4%","30,00","1,0%","4.160,49",,,"2.003,99","2,40","R$ 0,45","0,00","3,50%","10,00%",,,,"R$ 98,95","4211,59","3828,72"
BW320CAV,16443416208,MINI CAVALO ELETRICO 6V,,2,1,1,7,0,"512,0520",IMPORTWAY COMERCIO IMPORTACAO E EXPORTACAO LTDA,FALSE,23/01/2026,28/01/2026,,"R$ 512,05",23/01/2026,27/03/2026,63,"0,015873",63,,90,1,,https://www.bling.com.br/produtos.php#edit/16443416208,07/02/2026 23:37 - Conta pessoal,,,pv,v,pv,pv,pv,v,v,"R$ 480,80","6,50","R$ 31,25","0,000","R$ 0,00","1,65","R$ 7,93","7,60","R$ 36,54",4,"R$ 19,23","512,0520",Verificar NCM,95030010,95030010,9503.00.10 importado adiquirido nacionalmente carros e motos,"R$ 1,00", kg,45x42x50,"137,00","15,75",20%,10%,22798415689,22094032240,962.59,"1925,18","R$ 73,45","1096,27","1002,57",10%,"12,4%","30,00","1,0%","1.165,35",,,"555,17","0,67","R$ 0,45","0,00","3,50%","10,00%",,,,"R$ 73,45","1259,47","1144,97"
BW403BR,16594105382,MINI CARRO LICENCIADO 12V LAMBORGHINI HURACAN STO BRANCO,,1,0,1,0,0,"1.510,5002",IMPORTWAY COMERCIO IMPORTACAO E EXPORTACAO LTDA,FALSE,,21/03/2026,,"R$ 1.510,50",26/01/2026,27/03/2026,60,"0,000000",Sem vendas,,90,0,,,06/02/2026 20:05 - Conta pessoal,,,pv,Medidas,Medidas,pv,n/a,,,"R$ 1.418,31","6,50","R$ 92,19","0,000","R$ 0,00","1,65","R$ 23,40","7,60","R$ 107,79",4,"R$ 56,73","1510,5002",Verificar NCM,95030010,95030010,9503.00.10 importado adiquirido nacionalmente carros e motos,"R$ 1,00","20,00",45x70x117,"232,00","61,43",20%,10%,n/a,n/a,2745.54,"5491,08","R$ 126,55","3061,78","2800,09",10%,"12,4%","30,00","1,0%","3.307,94",,,"1.637,70","1,97","R$ 0,45","0,00",,,,,,,"2582,86","2394,33"
BW280BR,16365891488,mini carro trundra branco 12v,,2,1,1,0,0,"1.035,4995",IMPORTWAY COMERCIO IMPORTACAO E EXPORTACAO LTDA,FALSE,,20/03/2026,,"R$ 1.035,50",26/01/2026,27/03/2026,60,"0,016667",60,,90,2,,https://www.bling.com.br/produtos.php#edit/16365891488,29/01/2026 04:10 - Conta pessoal,,,pv,v,pv,pv,pv,v,v,"R$ 972,30","6,50","R$ 63,20","0,000","R$ 0,00","1,65","R$ 16,04","7,60","R$ 73,89",4,"R$ 38,89","1035,4995",Verificar NCM,95030010,95030010,9503.00.10 importado adiquirido nacionalmente carros e motos,"R$ 1,00", kg,31x55x106,"192,00","30,12",20%,10%,23798092763,22098545158,1897.32,"3794,64","R$ 98,95","2122,34","1940,94",10%,"12,4%","30,00","1,0%","2.288,63",,,"1.122,70","1,35","R$ 0,45","0,00","3,50%","10,00%",,,,"R$ 112,45","2473,89","2248,99"
BW403AZ,16594104558,MINI CARRO LICENCIADO 12V LAMBORGHINI HURACAN STO AZUL,,1,0,1,0,0,"1.510,5002",IMPORTWAY COMERCIO IMPORTACAO E EXPORTACAO LTDA,FALSE,,20/03/2026,,"R$ 1.510,50",26/01/2026,27/03/2026,60,"0,000000",Sem vendas,,90,0,,,06/02/2026 19:56 - Conta pessoal,,,pv,Medidas,Medidas,pv,n/a,,,"R$ 1.418,31","6,50","R$ 92,19","0,000","R$ 0,00","1,65","R$ 23,40","7,60","R$ 107,79",4,"R$ 56,73","1510,5002",Verificar NCM,95030010,95030010,9503.00.10 importado adiquirido nacionalmente carros e motos,"R$ 1,00","20,00",45x70x117,"232,00","61,43",20%,10%,n/a,n/a,2745.54,"5491,08","R$ 112,45","3035,42","2775,98",10%,"12,4%","30,00","1,0%","3.307,94",,,"1.637,70","1,97","R$ 0,45","0,00",,,,,,,"2582,86","2394,33"
BW435PT,16594110410,MINI CARRO ELETRICO 12V LICENCIADO MERCEDES BENZ CLE53 PRETO,,4,3,1,0,0,"854,0448",IMPORTWAY COMERCIO IMPORTACAO E EXPORTACAO LTDA,FALSE,,21/03/2026,,"R$ 854,04",06/02/2026,27/03/2026,49,"0,061224",16,,90,6,,,09/02/2026 23:05 - Conta pessoal,7908449947968,,pv,v,pv,pv,pv,,,"R$ 801,92","6,50","R$ 52,12","0,000","R$ 0,00","1,65","R$ 13,23","7,60","R$ 60,95",4,"R$ 32,08","854,0448",Verificar NCM,95030010,95030010,9503.00.10 importado adiquirido nacionalmente carros e motos,"R$ 1,00","13,50",26x50x101,"177,00","21,88",20%,10%,58204353951,58254339466,1573.29,"3146,58","R$ 101,95","1788,78","1635,89",10%,"12,4%","30,00","1,0%","1.899,24",,,"925,97","1,11","R$ 0,45","0,00",,,,,,,"1460,68","1354,06"
BW430AZ,16594301626,MINI KOMBI ELETRICA 6V LICENCIADO VOLKSWAGEN BUZZ Azul,,1,0,1,0,0,"711,5585",IMPORTWAY COMERCIO IMPORTACAO E EXPORTACAO LTDA,FALSE,,20/03/2026,,"R$ 711,56",06/02/2026,27/03/2026,49,"0,000000",Sem vendas,,90,0,,,09/02/2026 23:15 - Conta pessoal,,,pv,v,pv,pv,pv,x,x,"R$ 668,13","6,50","R$ 43,43","0,000","R$ 0,00","1,65","R$ 11,02","7,60","R$ 50,78",4,"R$ 26,73","711,5585",Verificar NCM,95030010,95030010,9503.00.10 importado adiquirido nacionalmente carros e motos,"R$ 1,00","13,00",36x46x90,"172,00","24,84",20%,0%,58203967882,58253962505,1119.03,"2238,06","R$ 65,95","1226,00","1136,51",10%,"12,4%","30,00","1,0%","1.311,94",,,"771,47","0,93","R$ 0,45","0,00","3,50%","10,00%",,,,"R$ 65,95","1677,59","1525,08"
BW044AZ,16324022724,Mini Moto Elétrica Infantil Cor:Azul BW044AZ,,40,40,0,0,0,"383,9964",IMPORTWAY COMERCIO IMPORTACAO E EXPORTACAO LTDA,FALSE,15/12/2025,29/01/2026,,"R$ 0,00",18/09/2024,11/12/2025,449,"0,089087",Ruptura,,90,8,,https://www.bling.com.br/produtos.php#edit/16324022724,não,,,v,v,v,v,v,,,"R$ 360,56","6,50","R$ 23,44","0,000","R$ 0,00","0,65","R$ 2,34","3,00","R$ 10,82",12,"R$ 43,27","383,9964",Verificar NCM,95030010,95030010,9503.00.10 importado adiquirido nacionalmente carros e motos,"R$ 1,00", kg,73x31x36,"140,00","13,58",20%,10%,,n/a,733.92,"1467,84",,"719,62","658,11",10%,"12,4%","30,00","1,0%","890,55",,,"318,27","0,38","R$ 0,45","0,00","3,50%","10,00%",,,,,"638,20","580,19"
BW129AZ,16263902631,Mini Quadriciclo 6V Azul,,12,12,0,0,0,"314,0046",IMPORTWAY COMERCIO IMPORTACAO E EXPORTACAO LTDA,FALSE,23/01/2026,28/01/2026,,"R$ 0,00",14/12/2024,24/01/2026,406,"0,029557",Ruptura,,90,3,,https://www.bling.com.br/produtos.php#edit/16263902631,não,,,v,b,b,b,b,v,v,"R$ 294,84","6,50","R$ 19,16","0,000","R$ 0,00","1,65","R$ 4,86","7,60","R$ 22,41",12,"R$ 35,38","314,0046",Verificar NCM,95030010,95030010,9503.00.10 importado adiquirido nacionalmente carros e motos,"R$ 1,00", kg,30x34x64,"128,00","10,88",20%,10%,,n/a,608.94,"1217,88",,"588,79","538,47",10%,"12,4%","30,00","1,0%","740,35",,,"323,42","0,39","R$ 0,45","0,00","3,50%","10,00%",,,,,"648,52","589,56"
BW079AM,16071412955,mini trator 6v bw079am,,8,8,0,0,0,"538,9965",IMPORTWAY COMERCIO IMPORTACAO E EXPORTACAO LTDA,FALSE,23/01/2026,28/01/2026,,"R$ 0,00",18/12/2024,24/01/2026,402,"0,019900",Ruptura,,90,2,,https://www.bling.com.br/produtos.php#edit/16071412955,não,,,v,b,b,b,b,,,"R$ 506,10","6,50","R$ 32,90","0,000","R$ 0,00","0,65","R$ 3,29","3,00","R$ 15,18",12,"R$ 60,73","538,9965",Verificar NCM,95030010,95030010,9503.00.10 importado adiquirido nacionalmente carros e motos,"R$ 1,00", kg,37x41x71,"149,00","17,95",20%,10%,,n/a,1010.71,"2021,42",,"1009,34","923,07",10%,"12,4%","30,00","1,0%","1.223,17",,,"452,17","0,54","R$ 0,45","0,00","3,50%","10,00%",,,,,"906,33","823,93"
BW079VD,16071412956,mini trator verde 6v bw079vd,,12,12,0,0,0,"538,9965",IMPORTWAY COMERCIO IMPORTACAO E EXPORTACAO LTDA,FALSE,06/01/2026,28/01/2026,,"R$ 0,00",18/12/2024,24/12/2025,371,"0,032345",Ruptura,,90,3,,https://www.bling.com.br/produtos.php#edit/16071412956,não,,,v,b,b,b,b,,v,"R$ 506,10","6,50","R$ 32,90","0,000","R$ 0,00","0,65","R$ 3,29","3,00","R$ 15,18",12,"R$ 60,73","538,9965",Verificar NCM,95030010,95030010,9503.00.10 importado adiquirido nacionalmente carros e motos,"R$ 1,00", kg,37x41x71,"149,00","17,95",20%,10%,,n/a,1010.71,"2021,42",,"1009,34","923,07",10%,"12,4%","30,00","1,0%","1.223,17",,,"452,17","0,54","R$ 0,45","0,00","3,50%","10,00%",,,,,"906,33","823,93"
WVATV002A,16276839152,Mini quadriciclo 49cc partida Manual Azul,,5,5,0,0,0,"2.420,8417",IMPORTWAY COMERCIO IMPORTACAO E EXPORTACAO LTDA,FALSE,04/12/2025,20/03/2026,,"R$ 0,00",10/02/2025,31/01/2026,355,"0,014085",Ruptura,,90,1,,https://www.bling.com.br/produtos.php#edit/16276839152,não,,,v,peso,peso,b,b,,,"R$ 2.010,82","6,30","R$ 126,68","14,091","R$ 283,34","1,65","R$ 33,18","7,60","R$ 152,82",4,"R$ 80,43","2420,8417",Verificar NCM,87032100,87032100,8703.21.00 importado adiquirido nacionalmente quadriciclo 49cc e 350w,"R$ 5,00", kg,36x56x95,"187,00","31,92",20%,10%,n/a,n/a,4378.29,"8756,58",,"4534,28","4146,74",10%,"12,4%","30,00","1,0%","5.270,05",,,"2.548,25","3,06","R$ 0,45","0,00","3,50%","10,00%",,,,,"5103,52","4639,56"
BW305CZ,16443416203,mini carro eletrico lamborguini centenario 12v Cinza BW305CZ,,2,2,0,0,0,"1.799,9991",IMPORTWAY COMERCIO IMPORTACAO E EXPORTACAO LTDA,FALSE,23/01/2026,20/03/2026,,"R$ 0,00",16/04/2025,26/02/2026,316,"0,006329",Ruptura,,90,1,,https://www.bling.com.br/produtos.php#edit/16443416203,não,,,v,medidas,medidas,b,-,,,"R$ 1.690,14","6,50","R$ 109,86","0,000","R$ 0,00","1,65","R$ 27,89","7,60","R$ 128,45",12,"R$ 202,82","1799,9991",Verificar NCM,95030010,95030010,9503.00.10 importado adiquirido nacionalmente carros e motos,"R$ 1,00", kg,138x65x35,"238,00","52,33",20%,10%,,n/a,3262.50,"6525,00","R$ 112,45","3576,54","3270,85",10%,"12,4%","30,00","1,0%","3.929,18",,,"1.946,70","2,34","R$ 0,45","0,00","3,50%","10,00%",,,,,"3898,97","3544,52"
IWATVE350PT,16404360258,Quadriciclo Elétrico 350W Preto IWATVE350PT,,1,1,0,0,0,"3.284,5357",IMPORTWAY COMERCIO IMPORTACAO E EXPORTACAO LTDA,FALSE,18/12/2025,21/03/2026,,"R$ 0,00",13/02/2025,15/12/2025,305,"0,003279",Ruptura,,90,0,,https://www.bling.com.br/produtos.php#edit/16404360258,não,,,v,medidas,medidas,b,-,,,"R$ 2.432,46","18,81","R$ 457,55","16,219","R$ 394,53","1,65","R$ 40,14","7,60","R$ 184,87",4,"R$ 97,30","3284,5357",Verificar NCM,87038000,87038000,8703.21.00 importado adiquirido nacionalmente quadriciclo 49cc e 350w,"R$ 5,00", kg,95x46x55,"196,00","40,06",20%,10%,,n/a,5920.60,"11841,20","R$ 120,00","6372,96","5828,27",10%,"12,4%","30,00","1,0%","7.123,47",,,"3.284,54","3,94","R$ 0,45","0,00","3,50%","10,00%",,,,,"6577,86","5979,88"
WVDB006V,16276912089,Mini Moto Cross Gasolina 49cc partida manual Cor:vermelho,,2,2,0,0,0,"2.394,6925",IMPORTWAY COMERCIO IMPORTACAO E EXPORTACAO LTDA,FALSE,09/10/2025,20/03/2026,,"R$ 0,00",10/02/2025,07/10/2025,239,"0,008368",Ruptura,,90,1,,https://www.bling.com.br/produtos.php#edit/16276912089,não,,,v,v,v,v,sim,x,x,"R$ 1.548,15","35,00","R$ 541,85","19,681","R$ 304,69","1,65","R$ 25,54","7,60","R$ 117,66",4,"R$ 61,93","2394,6925",Verificar NCM,87111000,87111000,8711.10.00 importado adiquirido nacionalmente motos 49cc,"R$ 5,00", kg,,,,20%,10%,,n/a,4331.59,"8663,18",,"4485,41","4102,04",10%,"12,4%","30,00","1,0%","5.213,93",,,"2.061,27","2,47","R$ 0,45","0,00","3,50%","10,00%",,,,,"4128,39","3753,08"
BW028VM,16405272246,Mini Carro Jeep 12v vermelho,,2,2,0,0,0,"779,0049",IMPORTWAY COMERCIO IMPORTACAO E EXPORTACAO LTDA,FALSE,11/12/2025,28/01/2026,,"R$ 0,00",20/05/2025,06/12/2025,200,"0,010000",Ruptura,,90,1,,https://www.bling.com.br/produtos.php#edit/16405272246,não,,,v,b,b,b,b,x,v,"R$ 731,46","6,50","R$ 47,54","0,000","R$ 0,00","1,65","R$ 12,07","7,60","R$ 55,59",12,"R$ 87,78","779,0049",Verificar NCM,95030010,95030010,9503.00.10 importado adiquirido nacionalmente carros e motos,"R$ 1,00", kg,101x70x39,210,"45,96",20%,10%,,n/a,1439.29,"2878,58",,"1457,95","1333,34",10%,"12,4%","30,00","1,0%","1.738,21",,,"936,27","1,12","R$ 0,45","0,00","3,50%","10,00%",,,,,"1875,69","1705,17"
BW085VM,16311898387,quadriciclo 12v vermelho BW085VM,,13,13,0,0,0,"1.072,4550",IMPORTWAY COMERCIO IMPORTACAO E EXPORTACAO LTDA,FALSE,18/12/2025,20/03/2026,,"R$ 0,00",16/09/2025,26/02/2026,163,"0,079755",Ruptura,,90,7,,https://www.bling.com.br/produtos.php#edit/16311898387,não,,,v,v,v,v,v,,,"R$ 1.007,00","6,50","R$ 65,46","0,000","R$ 0,00","1,65","R$ 16,62","7,60","R$ 76,53",12,"R$ 120,84","1072,4550",Verificar NCM,95030010,95030010,9503.00.10 importado adiquirido nacionalmente carros e motos,"R$ 1,00", kg,44x80x108,"232,00","63,36",20%,10%,,23594405907,1963.31,"3926,62","R$ 112,45","2216,64","2027,19",10%,"12,4%","30,00","1,0%","2.367,93",,,"1.224,67","1,47","R$ 0,45","0,00","3,50%","10,00%",,,,"R$ 112,45","2678,08","2434,62"
WVPR204V,16401168744,Mini Moto Pocket 49cc Vermelha WVPR204V,,3,3,0,0,0,"2.348,8645",IMPORTWAY COMERCIO IMPORTACAO E EXPORTACAO LTDA,FALSE,04/12/2025,20/03/2026,,"R$ 0,00",05/07/2025,04/12/2025,152,"0,019737",Ruptura,,90,2,,https://www.bling.com.br/produtos.php#edit/16401168744,não,,,v,b,b,b,b,,,"R$ 1.518,52","35,00","R$ 531,48","19,681","R$ 298,86","1,65","R$ 25,06","7,60","R$ 115,41",4,"R$ 60,74","2348,8645",Verificar NCM,87111000,87111000,8711.10.00 importado adiquirido nacionalmente motos 49cc,"R$ 5,00", kg,100x30x56,"186,00","28,00",20%,10%,,n/a,4249.76,"8499,52",,"4399,75","4023,70",10%,"12,4%","30,00","1,0%","5.115,59",,,"2.003,99","2,40","R$ 0,45","0,00","3,50%","10,00%",,,,,"4013,69","3648,81"
BW378VM,16408525584,mini carro lamborghini autentica vermelha,,1,1,0,0,0,"1.089,0051",IMPORTWAY COMERCIO IMPORTACAO E EXPORTACAO LTDA,FALSE,,20/03/2026,,"R$ 0,00",18/02/2025,08/07/2025,140,"0,007143",Ruptura,,90,1,,https://www.bling.com.br/produtos.php#edit/16408525584,não,,,v,v,?,v,sim,,,"R$ 1.022,54","6,50","R$ 66,47","0,000","R$ 0,00","1,65","R$ 16,87","7,60","R$ 77,71",12,"R$ 122,70","1089,0051",Verificar NCM,95030010,95030010,9503.00.10 importado adiquirido nacionalmente carros e motos,"R$ 1,00", kg,,,,20%,10%,,n/a,1992.87,"3985,74",,"2037,39","1863,26",10%,"12,4%","30,00","1,0%","2.403,44",,,"1.121,68","1,35","R$ 0,45","0,00","3,50%","10,00%",,,,,"2246,95","2042,68"
BW234VM,16506872567,Mini Moto Elétrica Licenciada Aprilia 12V,,3,3,0,0,0,"908,9988",IMPORTWAY COMERCIO IMPORTACAO E EXPORTACAO LTDA,FALSE,29/12/2025,15/12/2025,,"R$ 0,00",14/08/2025,24/12/2025,132,"0,022727",Ruptura,,90,2,,,não,,,v,v,v,v,v,v,v,"R$ 853,52","6,50","R$ 55,48","0,000","R$ 0,00","1,65","R$ 14,08","7,60","R$ 64,87",12,"R$ 102,42","908,9988",Verificar NCM,95030010,95030010,9503.00.10 importado adiquirido nacionalmente carros e motos,"R$ 1,00", kg,33x53x82,"168,00","23,90",20%,10%,,n/a,1671.43,"3342,86",,"1700,93","1555,55",10%,"12,4%","30,00","1,0%","2.017,16",,,"895,07","1,07","R$ 0,45","0,00","3,50%","10,00%",,,,"R$ 112,45","2018,09","1834,63"
BW300VM,16365891495,mini moto bw300vm,,25,25,0,0,0,"892,0499",IMPORTWAY COMERCIO IMPORTACAO E EXPORTACAO LTDA,FALSE,23/01/2026,29/01/2026,,"R$ 0,00",15/10/2025,21/02/2026,129,"0,193798",Ruptura,,90,17,,https://www.bling.com.br/produtos.php#edit/16365891495,não,,,v,v,v,v,v,,,"R$ 837,61","6,50","R$ 54,44","0,000","R$ 0,00","1,65","R$ 13,82","7,60","R$ 63,66",12,"R$ 100,51","892,0499",Verificar NCM,95030010,95030010,9503.00.10 importado adiquirido nacionalmente carros e motos,"R$ 1,00", kg,106x33x60,"199,00","34,98",20%,10%,,22598692636,1641.16,"3282,32","R$ 98,95","1854,21","1695,73",10%,"12,4%","30,00","1,0%","1.980,79",,,"967,17","1,16","R$ 0,45","0,00","3,50%","10,00%",,,,,"1937,56","1761,42"
BW044BR,16324032455,Mini Moto Branca BW044BR,,3,3,0,0,0,"308,9991",IMPORTWAY COMERCIO IMPORTACAO E EXPORTACAO LTDA,FALSE,09/10/2025,28/01/2026,,"R$ 0,00",25/06/2025,07/10/2025,104,"0,028846",Ruptura,,90,3,,https://www.bling.com.br/produtos.php#edit/16324032455,não,,,v,v,v,v,sim,,,"R$ 290,14","6,50","R$ 18,86","0,000","R$ 0,00","1,65","R$ 4,79","7,60","R$ 22,05",12,"R$ 34,82","308,9991",Verificar NCM,95030010,95030010,9503.00.10 importado adiquirido nacionalmente carros e motos,"R$ 1,00", kg,,,,20%,10%,,n/a,600.00,"1200,00",,"579,44","529,91",10%,"12,4%","30,00","1,0%","729,61",,,"318,27","0,38","R$ 0,45","0,00","3,50%","10,00%",,,,"R$ 65,95","770,10","700,09"
BW378BR,16408649894,mini carro eletrico lamborghini autêntica branco BW378BR,,15,15,0,0,0,"1.089,0051",IMPORTWAY COMERCIO IMPORTACAO E EXPORTACAO LTDA,FALSE,23/01/2026,20/03/2026,,"R$ 0,00",11/11/2025,21/02/2026,102,"0,147059",Ruptura,,90,13,,https://www.bling.com.br/produtos.php#edit/16408649894,não,,,v,v,v,v,v,,,"R$ 1.022,54","6,50","R$ 66,47","0,000","R$ 0,00","1,65","R$ 16,87","7,60","R$ 77,71",12,"R$ 122,70","1089,0051",Verificar NCM,95030010,95030010,9503.00.10 importado adiquirido nacionalmente carros e motos,"R$ 1,00", kg,113x58x19,"190,00","20,75",20%,10%,,22794693807,1992.87,"3985,74","R$ 112,45","2247,58","2055,48",10%,"12,4%","30,00","1,0%","2.403,44",,,"1.121,68","1,35","R$ 0,45","0,00","3,50%","10,00%",,,,,"2246,95","2042,68"
BW275AM,16264831037,Mini caminhão Eletrico 12v amarelo bw275am,,20,20,0,0,0,"1.458,9968",IMPORTWAY COMERCIO IMPORTACAO E EXPORTACAO LTDA,FALSE,23/01/2026,20/03/2026,,"R$ 0,00",14/10/2025,24/01/2026,102,"0,196078",Ruptura,,90,18,,https://www.bling.com.br/produtos.php#edit/16264831037,não,,,v,v,v,v,v,,,"R$ 1.369,95","6,50","R$ 89,05","0,000","R$ 0,00","1,65","R$ 22,60","7,60","R$ 104,12",12,"R$ 164,39","1458,9968",Verificar NCM,95030010,95030010,9503.00.10 importado adiquirido nacionalmente carros e motos,"R$ 1,00", kg,94x66x40,"200,00","41,36",20%,10%,,n/a,2653.57,"5307,14",,"2728,97","2495,72",10%,"12,4%","30,00","1,0%","3.197,42",,,"1.502,77","1,80","R$ 0,45","0,00","3,50%","10,00%",,,,,"3010,05","2736,41"
BW300AZ,16365891493,mini moto bw300az,,13,13,0,0,0,"892,0499",IMPORTWAY COMERCIO IMPORTACAO E EXPORTACAO LTDA,FALSE,24/12/2025,28/01/2026,,"R$ 0,00",04/12/2025,21/02/2026,79,"0,164557",Ruptura,,90,15,,https://www.bling.com.br/produtos.php#edit/16365891493,não,,,v,v,v,v,v,,,"R$ 837,61","6,50","R$ 54,44","0,000","R$ 0,00","1,65","R$ 13,82","7,60","R$ 63,66",12,"R$ 100,51","892,0499",Verificar NCM,95030010,95030010,9503.00.10 importado adiquirido nacionalmente carros e motos,"R$ 1,00", kg,106x33x60,"199,00","34,98",20%,10%,,22894029299,1641.16,"3282,32","R$ 112,45","1879,44","1718,80",10%,"12,4%","30,00","1,0%","1.980,79",,,"967,17","1,16","R$ 0,45","0,00","3,50%","10,00%",,,,,"1937,56","1761,42"
BW282VM,16365891492,mini moto eletrica honda NC750X 12V VERMELHO,,5,5,0,0,0,"849,9999",IMPORTWAY COMERCIO IMPORTACAO E EXPORTACAO LTDA,FALSE,,20/03/2026,,"R$ 0,00",16/04/2025,03/07/2025,78,"0,064103",Ruptura,,90,6,,https://www.bling.com.br/produtos.php#edit/16365891492,não,,,p,peso,peso,p,sim,,,"R$ 798,12","6,50","R$ 51,88","0,000","R$ 0,00","1,65","R$ 13,17","7,60","R$ 60,66",12,"R$ 95,77","849,9999",Verificar NCM,95030010,95030010,9503.00.10 importado adiquirido nacionalmente carros e motos,"R$ 1,00", kg,,,,20%,10%,,n/a,1566.07,"3132,14",,"1590,65","1454,70",10%,"12,4%","30,00","1,0%","1.890,56",,,"925,97","1,11","R$ 0,45","0,00","3,50%","10,00%",,,,,"1855,06","1686,42"
BW378RS,16408652606,mini carro eletrico Lamborghini Autentica Rosa,,20,20,0,0,0,"1.089,0051",IMPORTWAY COMERCIO IMPORTACAO E EXPORTACAO LTDA,FALSE,23/01/2026,20/03/2026,,"R$ 0,00",11/11/2025,24/01/2026,74,"0,270270",Ruptura,,90,24,,https://www.bling.com.br/produtos.php#edit/16408652606,não,,,v,v,v,v,v,,,"R$ 1.022,54","6,50","R$ 66,47","0,000","R$ 0,00","1,65","R$ 16,87","7,60","R$ 77,71",12,"R$ 122,70","1089,0051",Verificar NCM,95030010,95030010,9503.00.10 importado adiquirido nacionalmente carros e motos,"R$ 1,00", kg,113x58x19,"190,00","20,75",20%,10%,,n/a,1992.87,"3985,74",,"2037,39","1863,26",10%,"12,4%","30,00","1,0%","2.403,44",,,"1.121,68","1,35","R$ 0,45","0,00","3,50%","10,00%",,,,"R$ 65,95","2378,85","2162,59"
BW237PT,16365891486,MINI CARRO ELETRICO POLICIA 12V PRETO,,10,10,0,0,0,"969,0009",IMPORTWAY COMERCIO IMPORTACAO E EXPORTACAO LTDA,FALSE,23/01/2026,28/01/2026,,"R$ 0,00",12/11/2025,24/01/2026,73,"0,136986",Ruptura,,90,12,,https://www.bling.com.br/produtos.php#edit/16365891486,não,,,v,v,v,v,v,x,,"R$ 909,86","6,50","R$ 59,14","0,000","R$ 0,00","1,65","R$ 15,01","7,60","R$ 69,15",12,"R$ 109,18","969,0009",Verificar NCM,95030010,95030010,9503.00.10 importado adiquirido nacionalmente carros e motos,"R$ 1,00", kg,118x88x15,221,"25,96",20%,10%,,n/a,1778.57,"3557,14",,"1813,09","1658,12",10%,"12,4%","30,00","1,0%","2.145,92",,,"998,07","1,20","R$ 0,45","0,00","3,50%","10,00%",,,,,"1999,44","1817,67"
BW085BR,16526264476,quadriciclo 12v Branco BW085BR,,12,12,0,0,0,"1.072,4550",IMPORTWAY COMERCIO IMPORTACAO E EXPORTACAO LTDA,FALSE,26/11/2025,20/03/2026,,"R$ 0,00",16/09/2025,25/11/2025,70,"0,171429",Ruptura,,90,15,,,não,,,v,v,v,v,v,,,"R$ 1.007,00","6,50","R$ 65,46","0,000","R$ 0,00","1,65","R$ 16,62","7,60","R$ 76,53",12,"R$ 120,84","1072,4550",Verificar NCM,95030010,95030010,S/ Grupo,"R$ 1,00", kg,44x80x108,"232,00","63,36",20%,10%,,n/a,1963.31,"3926,62",,"2006,46","1834,97",10%,"12,4%","30,00","1,0%","2.367,93",,,"1.224,67","1,47","R$ 0,45","0,00","3,50%","10,00%",,,,,"2453,18","2230,16"
BW303AM,16412432831,Lamborghini Aventador SVJ 12v amarelo,,3,3,0,0,0,"1.818,9987",IMPORTWAY COMERCIO IMPORTACAO E EXPORTACAO LTDA,FALSE,,20/03/2026,,"R$ 0,00",25/06/2025,28/08/2025,64,"0,046875",Ruptura,,90,4,,https://www.bling.com.br/produtos.php#edit/16412432831,não,,,v,v,v,v,sim,,,"R$ 1.707,98","6,50","R$ 111,02","0,000","R$ 0,00","1,65","R$ 28,18","7,60","R$ 129,81",12,"R$ 204,96","1818,9987",Verificar NCM,95030010,95030010,9503.00.10 importado adiquirido nacionalmente carros e motos,"R$ 1,00", kg,,,,20%,10%,,n/a,3296.43,"6592,86",,"3401,87","3111,11",10%,"12,4%","30,00","1,0%","3.969,95",,,"1.873,57","2,25","R$ 0,45","0,00","3,50%","10,00%",,,,,"3752,54","3411,40"
BW303PT,16412430282,Lamborghini Aventador SVJ 12v preto,,5,5,0,0,0,"2.098,9979",IMPORTWAY COMERCIO IMPORTACAO E EXPORTACAO LTDA,FALSE,,20/03/2026,,"R$ 0,00",04/07/2025,05/09/2025,63,"0,079365",Ruptura,,90,7,,https://www.bling.com.br/produtos.php#edit/16412430282,não,,,v,v,v,v,sim,,,"R$ 1.970,89","6,50","R$ 128,11","0,000","R$ 0,00","1,65","R$ 32,52","7,60","R$ 149,79",12,"R$ 236,51","2098,9979",Verificar NCM,95030010,95030010,9503.00.10 importado adiquirido nacionalmente carros e motos,"R$ 1,00", kg,,,,20%,10%,,n/a,3796.42,"7592,84",,"3925,23","3589,74",10%,"12,4%","30,00","1,0%","4.570,81",,,"1.873,57","2,25","R$ 0,45","0,00","3,50%","10,00%",,,,,"3752,54","3411,40"
BW240BR,16311898390,carro eletrico infantil bw240br,,47,47,0,0,0,"714,9984",IMPORTWAY COMERCIO IMPORTACAO E EXPORTACAO LTDA,FALSE,04/11/2025,28/01/2026,,"R$ 0,00",05/09/2025,04/11/2025,60,"0,783333",Ruptura,,90,71,,https://www.bling.com.br/produtos.php#edit/16311898390,não,,,v,v,v,v,v,,,"R$ 671,36","6,50","R$ 43,64","0,000","R$ 0,00","1,65","R$ 11,08","7,60","R$ 51,02",12,"R$ 80,56","714,9984",Verificar NCM,95030010,95030010,9503.00.10 importado adiquirido nacionalmente carros e motos,"R$ 1,00", kg,31x56x111,"198,00","32,12",20%,10%,,n/a,1325.00,"2650,00",,"1338,31","1223,93",10%,"12,4%","30,00","1,0%","1.600,85",,,"737,38","0,88","R$ 0,45","0,00","3,50%","10,00%",,,,,"1477,43","1343,12"
BW367BR,16512657244,mini moto eletrica 24V Branca,,1,1,0,0,1,"1290,00255",IMPORTWAY COMERCIO IMPORTACAO E EXPORTACAO LTDA,FALSE,15/10/2025,20/03/2026,,"R$ 0,00",20/08/2025,15/10/2025,56,"0,017857",Ruptura,,90,2,,,não,,,v,v,v,v,sim,,,"R$ 1.211,27","6,50","R$ 78,73","0,000","R$ 0,00","1,65","R$ 19,99","7,60","R$ 92,06",12,"R$ 145,35","1290,0026",Verificar NCM,95030010,95030010,9503.00.10 importado adiquirido nacionalmente carros e motos,"R$ 1,00", kg,38x57x112,"207,00","40,43",20%,10%,,n/a,2351.79,"4703,58",,"2413,09","2206,84",10%,"12,4%","30,00","1,0%","2.834,77",,,"1.328,70","1,59","R$ 0,45","0,00","3,50%","10,00%",,,,,"2661,49","2419,54"
BW128PT,16263113399,Ranger Rover Evoque Preta,,10,10,0,0,0,"1.339,0032",IMPORTWAY COMERCIO IMPORTACAO E EXPORTACAO LTDA,FALSE,08/01/2026,20/03/2026,,"R$ 0,00",11/11/2025,30/12/2025,49,"0,204082",Ruptura,,90,18,,https://www.bling.com.br/produtos.php#edit/16263113399,não,,,v,v,v,v,v,v,v,"R$ 1.257,28","6,50","R$ 81,72","0,000","R$ 0,00","1,65","R$ 20,75","7,60","R$ 95,55",12,"R$ 150,87","1339,0032",Verificar NCM,95030010,95030010,9503.00.10 importado adiquirido nacionalmente carros e motos,"R$ 1,00", kg,111x59x36,"206,00","39,29",20%,10%,,n/a,2439.29,"4878,58",,"2504,68","2290,60",10%,"12,4%","30,00","1,0%","2.939,92",,,"1.286,47","1,54","R$ 0,45","0,00","3,50%","10,00%",,,,"R$ 112,45","2801,83","2547,12"
BW303VD,16443416210,Lamborghini Aventador SVJ 12v verde,,2,2,0,0,0,"1.818,9987",IMPORTWAY COMERCIO IMPORTACAO E EXPORTACAO LTDA,FALSE,02/11/2025,20/03/2026,,"R$ 0,00",05/09/2025,23/10/2025,48,"0,041667",Ruptura,,90,4,,https://www.bling.com.br/produtos.php#edit/16443416210,não,,,v,v,v,v,v,,,"R$ 1.707,98","6,50","R$ 111,02","0,000","R$ 0,00","1,65","R$ 28,18","7,60","R$ 129,81",12,"R$ 204,96","1818,9987",Verificar NCM,95030010,95030010,9503.00.10 importado adiquirido nacionalmente carros e motos,"R$ 1,00", kg,126x61x32,"219,00","40,99",20%,10%,,n/a,3296.43,"6592,86",,"3401,87","3111,11",10%,"12,4%","30,00","1,0%","3.969,95",,,"1.873,57","2,25","R$ 0,45","0,00","3,50%","10,00%",,,,,"3752,54","3411,40"
BW123RS,16325789812,audi r8 spyder Rosa bw123rs,,5,5,0,0,0,"1.039,0034",IMPORTWAY COMERCIO IMPORTACAO E EXPORTACAO LTDA,FALSE,11/12/2025,20/03/2026,,"R$ 0,00",23/10/2025,06/12/2025,44,"0,113636",Ruptura,,90,10,,https://www.bling.com.br/produtos.php#edit/16325789812,não,,,v,v,v,v,v,v,v,"R$ 975,59","6,50","R$ 63,41","0,000","R$ 0,00","1,65","R$ 16,10","7,60","R$ 74,14",12,"R$ 117,07","1039,0034",Verificar NCM,95030010,95030010,9503.00.10 importado adiquirido nacionalmente carros e motos,"R$ 1,00", kg,108x56x29,"193,00","29,23",20%,10%,,n/a,1903.58,"3807,16",,"1943,93","1777,78",10%,"12,4%","30,00","1,0%","2.296,14",,,"1.028,97","1,23","R$ 0,45","0,00","3,50%","10,00%",,,,"R$ 101,95","2265,21","2059,28"
BW128BR,16365891484,Ranger Rover Evoque branca,,17,17,0,0,0,"1.339,0032",IMPORTWAY COMERCIO IMPORTACAO E EXPORTACAO LTDA,FALSE,24/12/2025,21/03/2026,,"R$ 0,00",11/11/2025,24/12/2025,43,"0,395349",Ruptura,,90,36,,https://www.bling.com.br/produtos.php#edit/16365891484,não,,,v,v,v,v,v,v,v,"R$ 1.257,28","6,50","R$ 81,72","0,000","R$ 0,00","1,65","R$ 20,75","7,60","R$ 95,55",12,"R$ 150,87","1339,0032",Verificar NCM,95030010,95030010,9503.00.10 importado adiquirido nacionalmente carros e motos,"R$ 1,00", kg,111x59x36,"206,00","39,29",20%,10%,,n/a,2439.29,"4878,58",,"2504,68","2290,60",10%,"12,4%","30,00","1,0%","2.939,92",,,"1.286,47","1,54","R$ 0,45","0,00","3,50%","10,00%",,,,"R$ 112,45","2801,83","2547,12"
BW128RS,16406483173,Ranger Rover Evoque Rosa,,13,13,0,0,0,"1.339,0032",IMPORTWAY COMERCIO IMPORTACAO E EXPORTACAO LTDA,FALSE,24/12/2025,20/03/2026,,"R$ 0,00",11/11/2025,24/12/2025,43,"0,302326",Ruptura,,90,27,,https://www.bling.com.br/produtos.php#edit/16406483173,não,,,v,v,v,v,v,v,v,"R$ 1.257,28","6,50","R$ 81,72","0,000","R$ 0,00","1,65","R$ 20,75","7,60","R$ 95,55",12,"R$ 150,87","1339,0032",Verificar NCM,95030010,95030010,9503.00.10 importado adiquirido nacionalmente carros e motos,"R$ 1,00", kg,111x59x36,"206,00","39,29",20%,10%,,n/a,2439.29,"4878,58",,"2504,68","2290,60",10%,"12,4%","30,00","1,0%","2.939,92",,,"1.286,47","1,54","R$ 0,45","0,00","3,50%","10,00%",,,,"R$ 112,45","2801,83","2547,12"
BW370AZ,16594095216,QUADRICICLO ELETRICO 6V COM EMPURRADOR E COBERTURA AZUL,,5,5,0,0,0,"319,1060",IMPORTWAY COMERCIO IMPORTACAO E EXPORTACAO LTDA,FALSE,,28/01/2026,,"R$ 0,00",27/01/2026,26/02/2026,30,"0,166667",Ruptura,,90,15,,,31/01/2026 17:13 - Conta pessoal,,,pv,pv,pv,pv,pv,,,"R$ 299,63","6,50","R$ 19,48","0,000","R$ 0,00","1,65","R$ 4,94","7,60","R$ 22,77",4,"R$ 11,99","319,1060",Verificar NCM,95030010,95030010,9503.00.10 importado adiquirido nacionalmente carros e motos,"R$ 1,00","6,20",30x37x66,"133,00","12,21",20%,10%,58204262260,22699343753,618.05,"1236,10","R$ 65,95","721,60","659,92",10%,"12,4%","30,00","1,0%","751,30",,,"345,98","0,42","R$ 0,45","0,00",,,,,,,"546,21","506,34"
BW028RS,16405395435,Mini Carro Jeep 12v rosa,,20,20,0,0,0,"908,9988",IMPORTWAY COMERCIO IMPORTACAO E EXPORTACAO LTDA,FALSE,,28/01/2026,,"R$ 0,00",14/08/2025,05/09/2025,22,"0,909091",Ruptura,,90,82,,https://www.bling.com.br/produtos.php#edit/16405395435,não,,,v,v,v,v,sim,,,"R$ 853,52","6,50","R$ 55,48","0,000","R$ 0,00","1,65","R$ 14,08","7,60","R$ 64,87",12,"R$ 102,42","908,9988",Verificar NCM,95030010,95030010,9503.00.10 importado adiquirido nacionalmente carros e motos,"R$ 1,00", kg,100x70x40,"210,00","46,67",20%,10%,,n/a,1671.43,"3342,86",,"1700,93","1555,55",10%,"12,4%","30,00","1,0%","2.017,16",,,"936,27","1,12","R$ 0,45","0,00","3,50%","10,00%",,,,,"1875,69","1705,17"
WVDB006A,16277518905,Mini Moto Cross Gasolina 49cc partida manual Cor: Azul,,1,1,0,0,0,"1.958,1960",IMPORTWAY COMERCIO IMPORTACAO E EXPORTACAO LTDA,FALSE,,20/03/2026,,"R$ 0,00",23/01/2026,12/02/2026,20,"0,050000",Ruptura,,90,5,,https://www.bling.com.br/produtos.php#edit/16277518905,09/02/2026 22:24 - Conta pessoal,,,pv,pv,pv,pv,pv,,,"R$ 1.265,96","35,00","R$ 443,09","19,681","R$ 249,15","1,65","R$ 20,89","7,60","R$ 96,21",4,"R$ 50,64","1958,1960",Verificar NCM,87111000,87111000,8711.10.00 importado adiquirido nacionalmente motos 49cc,"R$ 5,00", kg,100x30x56,"186,00","28,00",20%,10%,23193095708,23393863488,3552.14,"7104,28","R$ 101,95","3860,09","3530,16",10%,"12,4%","30,00","1,0%","4.277,24",,,"2.061,27","2,47","R$ 0,45","0,00","3,50%","10,00%",,,,,"4128,39","3753,08"
BW320UNI,16443416209,mini unicornio eletrico 6V,,2,2,0,5,0,"512,0520",IMPORTWAY COMERCIO IMPORTACAO E EXPORTACAO LTDA,FALSE,18/12/2025,28/01/2026,,"R$ 0,00",23/01/2026,12/02/2026,20,"0,100000",Ruptura,,90,9,,https://www.bling.com.br/produtos.php#edit/16443416209,07/02/2026 23:41 - Conta pessoal,,,pv,pv,pv,pv,pv,v,v,"R$ 480,80","6,50","R$ 31,25","0,000","R$ 0,00","1,65","R$ 7,93","7,60","R$ 36,54",4,"R$ 19,23","512,0520",Verificar NCM,95030010,95030010,9503.00.10 importado adiquirido nacionalmente carros e motos,"R$ 1,00", kg,45x42x50,"137,00","15,75",20%,10%,22798415683,22094000552,962.59,"1925,18","R$ 73,45","1096,27","1002,57",10%,"12,4%","30,00","1,0%","1.165,35",,,"555,17","0,67","R$ 0,45","0,00","3,50%","10,00%",,,,"R$ 73,45","1259,47","1144,97"
BW300RS,16365891494,MINI MOTO ELETRICA 12V ROSA,,7,7,0,0,0,"938,9999",IMPORTWAY COMERCIO IMPORTACAO E EXPORTACAO LTDA,FALSE,,20/03/2026,,"R$ 0,00",13/08/2025,30/08/2025,17,"0,411765",Ruptura,,90,37,,https://www.bling.com.br/produtos.php#edit/16365891494,não,,,v,v,v,v,sim,,,"R$ 881,69","6,50","R$ 57,31","0,000","R$ 0,00","1,65","R$ 14,55","7,60","R$ 67,01",12,"R$ 105,80","938,9999",Verificar NCM,95030010,95030010,9503.00.10 importado adiquirido nacionalmente carros e motos,"R$ 1,00", kg,34x60x106,"200,00","36,04",20%,10%,,n/a,1725.00,"3450,00",,"1757,01","1606,84",10%,"12,4%","30,00","1,0%","2.081,54",,,"967,17","1,16","R$ 0,45","0,00","3,50%","10,00%",,,,,"1937,56","1761,42"
BW268,16526260965,mini moto Aprilia BW268,,1,1,0,0,0,"816,0456",IMPORTWAY COMERCIO IMPORTACAO E EXPORTACAO LTDA,FALSE,15/12/2025,27/01/2026,,"R$ 0,00",26/01/2026,12/02/2026,17,"0,058824",Ruptura,,90,5,,,27/01/2026 05:13 - Conta pessoal,,,pv,pv,pv,pv,pv,v,v,"R$ 766,24","6,50","R$ 49,81","0,000","R$ 0,00","1,65","R$ 12,64","7,60","R$ 58,23",4,"R$ 30,65","816,0456",Verificar NCM,95030010,95030010,9503.00.10 importado adiquirido nacionalmente carros e motos,"R$ 1,00", kg,51x28x81,"160,00","19,28",20%,10%,23394417077,23394417213,1505.44,"3010,88","R$ 85,95","1687,84","1543,58",10%,"12,4%","30,00","1,0%","1.817,69",,,"884,77","1,06","R$ 0,45","0,00","3,50%","10,00%",,,,,"1772,56","1611,42"
BW367RS,16512656598,mini moto eletrica 24V Rosa,,1,1,0,0,0,"1.290,0026",IMPORTWAY COMERCIO IMPORTACAO E EXPORTACAO LTDA,FALSE,,21/03/2026,,"R$ 0,00",20/08/2025,05/09/2025,16,"0,062500",Ruptura,,90,6,,,não,,,v,v,v,v,não,,,"R$ 1.211,27","6,50","R$ 78,73","0,000","R$ 0,00","1,65","R$ 19,99","7,60","R$ 92,06",12,"R$ 145,35","1290,0026",Verificar NCM,95030010,95030010,9503.00.10 importado adiquirido nacionalmente carros e motos,"R$ 1,00", kg,38x57x112,"207,00","40,43",20%,10%,,n/a,2351.79,"4703,58",,"2413,09","2206,84",10%,"12,4%","30,00","1,0%","2.834,77",,,"1.245,27","1,49","R$ 0,45","0,00","3,50%","10,00%",,,,,"2494,43","2267,66"
BW367PT,16512656362,mini moto eletrica 24V Preta,,1,1,0,0,0,"1245,2686",IMPORTWAY COMERCIO IMPORTACAO E EXPORTACAO LTDA,FALSE,,20/03/2026,,"R$ 0,00",20/08/2025,05/09/2025,16,"0,062500",Ruptura,,90,6,,,não,,,v,v,v,v,não,v,v,"R$ 1.169,27","6,50","R$ 76,00","0,000","R$ 0,00","1,65","R$ 19,29","7,60","R$ 88,86",4,"R$ 46,77","1245,2686",Verificar NCM,95030010,95030010,9503.00.10 importado adiquirido nacionalmente carros e motos,"R$ 1,00", kg,38x57x112,"207,00","40,43",20%,10%,,n/a,2271.91,"4543,82",,"2329,47","2130,37",10%,"12,4%","30,00","1,0%","2.738,77",,,"1.245,27","1,49","R$ 0,45","0,00","3,50%","10,00%",,,,"R$ 120,45","2735,33","2486,66"
BW370RS,16594096345,QUADRICICLO ELETRICO 6V COM EMPURRADOR E COBERTURA ROSA,,3,3,0,0,0,"319,1060",IMPORTWAY COMERCIO IMPORTACAO E EXPORTACAO LTDA,FALSE,,29/01/2026,,"R$ 0,00",27/01/2026,12/02/2026,16,"0,187500",Ruptura,,90,17,,,31/01/2026 17:31 - Conta pessoal,,,pv,pv,pv,pv,pv,,,"R$ 299,63","6,50","R$ 19,48","0,000","R$ 0,00","1,65","R$ 4,94","7,60","R$ 22,77",4,"R$ 11,99","319,1060",Verificar NCM,95030010,95030010,9503.00.10 importado adiquirido nacionalmente carros e motos,"R$ 1,00","6,20",30x37x66,"133,00","12,21",20%,10%,22199363393,58204262471,618.05,"1236,10","R$ 65,95","721,60","659,92",10%,"12,4%","30,00","1,0%","751,30",,,"345,98","0,42","R$ 0,45","0,00",,,,,,,"546,21","506,34"
WVDB006P,16276913269,Mini Moto Cross Gasolina 49cc partida manual Cor:Preto,,1,1,0,0,0,"1.958,1960",IMPORTWAY COMERCIO IMPORTACAO E EXPORTACAO LTDA,FALSE,,20/03/2026,,"R$ 0,00",23/01/2026,07/02/2026,15,"0,066667",Ruptura,,90,6,,https://www.bling.com.br/produtos.php#edit/16276913269,09/02/2026 21:55 - Conta pessoal,,,pv,pv,pv,pv,pv,,,"R$ 1.265,96","35,00","R$ 443,09","19,681","R$ 249,15","1,65","R$ 20,89","7,60","R$ 96,21",4,"R$ 50,64","1958,1960",Verificar NCM,87111000,87111000,8711.10.00 importado adiquirido nacionalmente motos 49cc,"R$ 5,00", kg,100x30x56,"186,00","28,00",20%,10%,23193095753,21199674116,3552.14,"7104,28","R$ 105,45","3866,63","3536,15",10%,"12,4%","30,00","1,0%","4.277,24",,,"2.061,27","2,47","R$ 0,45","0,00","3,50%","10,00%",,,,,"4128,39","3753,08"
BW028BR,16405351521,Mini Carro Jeep 12v branco,,4,4,0,0,0,"908,9988",IMPORTWAY COMERCIO IMPORTACAO E EXPORTACAO LTDA,FALSE,,28/01/2026,,"R$ 0,00",24/06/2025,08/07/2025,14,"0,285714",Ruptura,,90,26,,https://www.bling.com.br/produtos.php#edit/16405351521,não,,,v,v,v,v,sim,,,"R$ 853,52","6,50","R$ 55,48","0,000","R$ 0,00","1,65","R$ 14,08","7,60","R$ 64,87",12,"R$ 102,42","908,9988",Verificar NCM,95030010,95030010,9503.00.10 importado adiquirido nacionalmente carros e motos,"R$ 1,00", kg,,,,20%,10%,,n/a,1671.43,"3342,86",,"1700,93","1555,55",10%,"12,4%","30,00","1,0%","2.017,16",,,"936,27","1,12","R$ 0,45","0,00","3,50%","10,00%",,,,,"1875,69","1705,17"
BW269,16416118316,mini moto aprilia rsv4 6v,,3,3,0,0,0,"558,9972",IMPORTWAY COMERCIO IMPORTACAO E EXPORTACAO LTDA,FALSE,,28/01/2026,,"R$ 0,00",25/06/2025,08/07/2025,13,"0,230769",Ruptura,,90,21,,https://www.bling.com.br/produtos.php#edit/16416118316,não,,,v,v,v,v,sim,,,"R$ 524,88","6,50","R$ 34,12","0,000","R$ 0,00","1,65","R$ 8,66","7,60","R$ 39,89",12,"R$ 62,99","558,9972",Verificar NCM,95030010,95030010,9503.00.10 importado adiquirido nacionalmente carros e motos,"R$ 1,00", kg,,,,20%,10%,,n/a,1046.42,"2092,84",,"1046,72","957,26",10%,"12,4%","30,00","1,0%","1.266,09",,,"544,87","0,65","R$ 0,45","0,00","3,50%","10,00%",,,,,"1091,95","992,68"
BW385BR,16406481734,mini moto 24v branca,,6,6,0,0,0,"1448,9964",IMPORTWAY COMERCIO IMPORTACAO E EXPORTACAO LTDA,FALSE,,20/03/2026,,"R$ 0,00",12/08/2025,24/08/2025,12,"0,500000",Ruptura,,90,45,,https://www.bling.com.br/produtos.php#edit/16406481734,não,,,v,medidas,medidas,v,sim,,,"R$ 1.360,56","6,50","R$ 88,44","0,000","R$ 0,00","1,65","R$ 22,45","7,60","R$ 103,40",12,"R$ 163,27","1448,9964",Verificar NCM,95030010,95030010,9503.00.10 importado adiquirido nacionalmente carros e motos,"R$ 1,00", kg,38x66x130,"234,00","54,34",20%,10%,,n/a,2635.71,"5271,42",,"2710,27","2478,63",10%,"12,4%","30,00","1,0%","3.175,96",,,"1.389,47","1,67","R$ 0,45","0,00","3,50%","10,00%",,,,,"2783,17","2530,16"
BW385PT,16406481735,MINI MOTO ELETRICA 24V PRETA,,3,3,0,0,0,"1.448,9964",IMPORTWAY COMERCIO IMPORTACAO E EXPORTACAO LTDA,FALSE,,21/03/2026,,"R$ 0,00",14/08/2025,24/08/2025,10,"0,300000",Ruptura,,90,27,,https://www.bling.com.br/produtos.php#edit/16406481735,não,,,v,medidas,medidas,v,sim,,,"R$ 1.360,56","6,50","R$ 88,44","0,000","R$ 0,00","1,65","R$ 22,45","7,60","R$ 103,40",12,"R$ 163,27","1448,9964",Verificar NCM,95030010,95030010,9503.00.10 importado adiquirido nacionalmente carros e motos,"R$ 1,00", kg,38x66x130,"234,00","54,34",20%,10%,,n/a,2635.71,"5271,42",,"2710,27","2478,63",10%,"12,4%","30,00","1,0%","3.175,96",,,"1.492,47","1,79","R$ 0,45","0,00","3,50%","10,00%",,,,,"2989,42","2717,66"
BW367VM,16512656657,mini moto eletrica 24V Vermelha,,1,1,0,0,0,"1.290,0026",IMPORTWAY COMERCIO IMPORTACAO E EXPORTACAO LTDA,FALSE,,21/03/2026,,"R$ 0,00",20/08/2025,28/08/2025,8,"0,125000",Ruptura,,90,11,,,não,,,v,v,v,v,sim,v,v,"R$ 1.211,27","6,50","R$ 78,73","0,000","R$ 0,00","1,65","R$ 19,99","7,60","R$ 92,06",12,"R$ 145,35","1290,0026",Verificar NCM,95030010,95030010,9503.00.10 importado adiquirido nacionalmente carros e motos,"R$ 1,00", kg,38x57x112,"207,00","40,43",20%,10%,,n/a,2351.79,"4703,58",,"2413,09","2206,84",10%,"12,4%","30,00","1,0%","2.834,77",,,"1.245,27","1,49","R$ 0,45","0,00","3,50%","10,00%",,,,"R$ 101,95","2698,33","2453,03"
BW426PT,16594108465,MINI CARRO ELETRICO 12V LICENCIADO DODGE RAM 1500 RHO PRETO,,1,1,0,0,0,"1.224,5477",IMPORTWAY COMERCIO IMPORTACAO E EXPORTACAO LTDA,FALSE,,20/03/2026,,"R$ 0,00",06/02/2026,12/02/2026,6,"0,166667",Ruptura,,90,15,,,07/02/2026 01:28 - Conta pessoal,,,pv,Medidas,Medidas,pv,pv,,,"R$ 1.149,81","6,50","R$ 74,74","0,000","R$ 0,00","1,65","R$ 18,97","7,60","R$ 87,39",4,"R$ 45,99","1224,5477",Verificar NCM,95030010,95030010,9503.00.10 importado adiquirido nacionalmente carros e motos,"R$ 1,00","22,00",57x68x113,"238,00","73,00",20%,10%,n/a,n/a,2234.91,"4469,82","R$ 125,95","2526,16","2310,25",10%,"12,4%","30,00","1,0%","2.694,31",,,"1.327,67","1,59","R$ 0,45","0,00",,,,,,,"2094,04","1941,19"
BW426POL,16594107846,MINI CARRO ELETRICO 12V LICENCIADO DODGE RAM 1500 RHO POLICIA,,1,1,0,0,0,"1.253,0577",IMPORTWAY COMERCIO IMPORTACAO E EXPORTACAO LTDA,FALSE,,20/03/2026,,"R$ 0,00",06/02/2026,12/02/2026,6,"0,166667",Ruptura,,90,15,,,07/02/2026 02:45 - Conta pessoal,,,pv,Medidas,Medidas,pv,pv,,,"R$ 1.176,58","6,50","R$ 76,48","0,000","R$ 0,00","1,65","R$ 19,41","7,60","R$ 89,42",4,"R$ 47,06","1253,0577",Verificar NCM,95030010,95030010,9503.00.10 importado adiquirido nacionalmente carros e motos,"R$ 1,00","22,00",57x68x113,"238,00","73,00",20%,10%,n/a,n/a,2285.82,"4571,64","R$ 125,95","2579,45","2358,99",10%,"12,4%","30,00","1,0%","2.755,49",,,"1.358,57","1,63","R$ 0,45","0,00",,,,,,,"2142,76","1986,35"
BW278BR,16416170058,mini quadriciclo 12v branco,,2,2,0,0,0,"1.049,0037",IMPORTWAY COMERCIO IMPORTACAO E EXPORTACAO LTDA,FALSE,,20/03/2026,,"R$ 0,00",,,,,Ruptura,,90,,,https://www.bling.com.br/produtos.php#edit/16416170058,não,,,x,,x,,sim,v,v,"R$ 984,98","6,50","R$ 64,02","0,000","R$ 0,00","1,65","R$ 16,25","7,60","R$ 74,86",12,"R$ 118,20","1049,0037",Verificar NCM,95030010,95030010,9503.00.10 importado adiquirido nacionalmente carros e motos,"R$ 1,00", kg,,,,20%,10%,,n/a,1921.44,"3842,88",,"1962,62","1794,88",10%,"12,4%","30,00","1,0%","2.317,60",,,"761,17","0,91","R$ 0,45","0,00","3,50%","10,00%",,,,"R$ 98,95","1722,97","1566,33"
BW278AZ,16416145929,mini quadriciclo 12v azul,,2,2,0,0,0,"1.049,0037",IMPORTWAY COMERCIO IMPORTACAO E EXPORTACAO LTDA,FALSE,,20/03/2026,,"R$ 0,00",,08/03/2025,,,Ruptura,,90,,,https://www.bling.com.br/produtos.php#edit/16416145929,não,,,x,v,x,v,sim,v,v,"R$ 984,98","6,50","R$ 64,02","0,000","R$ 0,00","1,65","R$ 16,25","7,60","R$ 74,86",12,"R$ 118,20","1049,0037",Verificar NCM,95030010,95030010,9503.00.10 importado adiquirido nacionalmente carros e motos,"R$ 1,00", kg,,,,20%,10%,,n/a,1921.44,"3842,88",,"1962,62","1794,88",10%,"12,4%","30,00","1,0%","2.317,60",,,"761,17","0,91","R$ 0,45","0,00","3,50%","10,00%",,,,"R$ 98,95","1722,97","1566,33"
BW378CZ,16406481729,mini carro eletrico Lamborghini Autentica cinza,,2,2,0,0,0,"1.089,0051",IMPORTWAY COMERCIO IMPORTACAO E EXPORTACAO LTDA,FALSE,,20/03/2026,,"R$ 0,00",,08/03/2025,,,Ruptura,,90,,,https://www.bling.com.br/produtos.php#edit/16406481729,não,,,v,x,medidas,v,não,,,"R$ 1.022,54","6,50","R$ 66,47","0,000","R$ 0,00","1,65","R$ 16,87","7,60","R$ 77,71",12,"R$ 122,70","1089,0051",Verificar NCM,95030010,95030010,9503.00.10 importado adiquirido nacionalmente carros e motos,"R$ 1,00", kg,,,,20%,10%,,n/a,1992.87,"3985,74",,"2037,39","1863,26",10%,"12,4%","30,00","1,0%","2.403,44",,,"1.121,68","1,35","R$ 0,45","0,00","3,50%","10,00%",,,,,"2246,95","2042,68"
BW385VM,16406481736,MINI MOTO ELETRICA 24V VERMELHA,,2,2,0,0,0,"1.798,9980",IMPORTWAY COMERCIO IMPORTACAO E EXPORTACAO LTDA,FALSE,,20/03/2026,,"R$ 0,00",,,,,Ruptura,,90,,,https://www.bling.com.br/produtos.php#edit/16406481736,não,,,v,medidas,medidas,v,sim,,,"R$ 1.689,20","6,50","R$ 109,80","0,000","R$ 0,00","1,65","R$ 27,87","7,60","R$ 128,38",12,"R$ 202,70","1798,9980",Verificar NCM,95030010,95030010,9503.00.10 importado adiquirido nacionalmente carros e motos,"R$ 1,00", kg,38x66x130,"234,00","54,34",20%,10%,,n/a,3260.71,"6521,42",,"3364,48","3076,92",10%,"12,4%","30,00","1,0%","3.927,03",,,"1.492,47","1,79","R$ 0,45","0,00","3,50%","10,00%",,,,,"2989,42","2717,66"
BW044VM,16324026672,Mini moto Vermelha BW044VM,,16,16,0,0,0,"383,9964",IMPORTWAY COMERCIO IMPORTACAO E EXPORTACAO LTDA,FALSE,,29/01/2026,,"R$ 0,00",,23/05/2025,,,Ruptura,,90,,,https://www.bling.com.br/produtos.php#edit/16324026672,não,,,p,v,v,p,sim,,,"R$ 360,56","6,50","R$ 23,44","0,000","R$ 0,00","0,65","R$ 2,34","3,00","R$ 10,82",12,"R$ 43,27","383,9964",Verificar NCM,95030010,95030010,9503.00.10 importado adiquirido nacionalmente carros e motos,"R$ 1,00", kg,,,,20%,10%,,n/a,733.92,"1467,84",,"719,62","658,11",10%,"12,4%","30,00","1,0%","890,55",,,"318,27","0,38","R$ 0,45","0,00","3,50%","10,00%",,,,"R$ 85,95","810,10","736,46"